This is pdfTeX, Version 3.141592653-2.6-1.40.25 (TeX Live 2023/Debian) (preloaded format=pdflatex 2026.1.30)  30 JAN 2026 13:36
entering extended mode
 restricted \write18 enabled.
 %&-line parsing enabled.
**refman
(./refman.tex
LaTeX2e <2023-11-01> patch level 1
L3 programming layer <2024-01-22>
(/usr/share/texlive/texmf-dist/tex/latex/base/book.cls
Document Class: book 2023/05/17 v1.4n Standard LaTeX document class
(/usr/share/texlive/texmf-dist/tex/latex/base/bk10.clo
File: bk10.clo 2023/05/17 v1.4n Standard LaTeX file (size option)
)
\c@part=\count187
\c@chapter=\count188
\c@section=\count189
\c@subsection=\count190
\c@subsubsection=\count191
\c@paragraph=\count192
\c@subparagraph=\count193
\c@figure=\count194
\c@table=\count195
\abovecaptionskip=\skip48
\belowcaptionskip=\skip49
\bibindent=\dimen140
)
(/usr/share/texlive/texmf-dist/tex/latex/base/ifthen.sty
Package: ifthen 2022/04/13 v1.1d Standard LaTeX ifthen package (DPC)
)
(/usr/share/texlive/texmf-dist/tex/latex/tools/array.sty
Rollback for package 'array' requested -> date 2016-10-06.
         Best approximation is the release introduced on 2016-10-06.

(/usr/share/texlive/texmf-dist/tex/latex/tools/array-2016-10-06.sty
Package: array 2016/10/06 v2.4d Tabular extension package (FMi)
\col@sep=\dimen141
\extrarowheight=\dimen142
\NC@list=\toks17
\extratabsurround=\skip50
\backup@length=\skip51
))
(/usr/share/texlive/texmf-dist/tex/generic/infwarerr/infwarerr.sty
package info suppressed
)
(./doxygen.sty
Package: doxygen 
 (/usr/share/texlive/texmf-dist/tex/latex/base/alltt.sty
Package: alltt 2021/01/29 v2.0g defines alltt environment
)
(/usr/share/texlive/texmf-dist/tex/latex/tools/calc.sty
Package: calc 2023/07/08 v4.3 Infix arithmetic (KKT,FJ)
\calc@Acount=\count196
\calc@Bcount=\count197
\calc@Adimen=\dimen143
\calc@Bdimen=\dimen144
\calc@Askip=\skip52
\calc@Bskip=\skip53
LaTeX Info: Redefining \setlength on input line 80.
LaTeX Info: Redefining \addtolength on input line 81.
\calc@Ccount=\count198
\calc@Cskip=\skip54
)
(/usr/share/texlive/texmf-dist/tex/latex/float/float.sty
Package: float 2001/11/08 v1.3d Float enhancements (AL)
\c@float@type=\count199
\float@exts=\toks18
\float@box=\box51
\@float@everytoks=\toks19
\@floatcapt=\box52
)
(/usr/share/texlive/texmf-dist/tex/latex/tools/verbatim.sty
Package: verbatim 2023-11-06 v1.5v LaTeX2e package for verbatim enhancements
\every@verbatim=\toks20
\verbatim@line=\toks21
\verbatim@in@stream=\read2
)
(/usr/share/texlive/texmf-dist/tex/latex/xcolor/xcolor.sty
Package: xcolor 2023/11/15 v3.01 LaTeX color extensions (UK)

(/usr/share/texlive/texmf-dist/tex/latex/graphics-cfg/color.cfg
File: color.cfg 2016/01/02 v1.6 sample color configuration
)
Package xcolor Info: Driver file: pdftex.def on input line 274.

(/usr/share/texlive/texmf-dist/tex/latex/graphics-def/pdftex.def
File: pdftex.def 2022/09/22 v1.2b Graphics/color driver for pdftex
)
(/usr/share/texlive/texmf-dist/tex/latex/graphics/mathcolor.ltx)
Package xcolor Info: Model `cmy' substituted by `cmy0' on input line 1350.
Package xcolor Info: Model `hsb' substituted by `rgb' on input line 1354.
Package xcolor Info: Model `RGB' extended on input line 1366.
Package xcolor Info: Model `HTML' substituted by `rgb' on input line 1368.
Package xcolor Info: Model `Hsb' substituted by `hsb' on input line 1369.
Package xcolor Info: Model `tHsb' substituted by `hsb' on input line 1370.
Package xcolor Info: Model `HSB' substituted by `hsb' on input line 1371.
Package xcolor Info: Model `Gray' substituted by `gray' on input line 1372.
Package xcolor Info: Model `wave' substituted by `hsb' on input line 1373.
)
(/usr/share/texlive/texmf-dist/tex/latex/colortbl/colortbl.sty
Package: colortbl 2022/06/20 v1.0f Color table columns (DPC)
\everycr=\toks22
\minrowclearance=\skip55
\rownum=\count266
)
(./longtable_doxygen.sty
Package: longtable_doxygen 2014/10/28 v4.11 Multi-page Table package (DPC) - fr
ozen version for doxygen
\LTleft=\skip56
\LTright=\skip57
\LTpre=\skip58
\LTpost=\skip59
\LTchunksize=\count267
\LTcapwidth=\dimen145
\LT@head=\box53
\LT@firsthead=\box54
\LT@foot=\box55
\LT@lastfoot=\box56
\LT@cols=\count268
\LT@rows=\count269
\c@LT@tables=\count270
\c@LT@chunks=\count271
\LT@p@ftn=\toks23
) (./tabu_doxygen.sty
Package: tabu_doxygen 2011/02/26 v2.8 - flexible LaTeX tabulars (FC), frozen ve
rsion for doxygen

(/usr/share/texlive/texmf-dist/tex/latex/varwidth/varwidth.sty
Package: varwidth 2009/03/30 ver 0.92;  Variable-width minipages
\@vwid@box=\box57
\sift@deathcycles=\count272
\@vwid@loff=\dimen146
\@vwid@roff=\dimen147
)
\c@taburow=\count273
\tabu@nbcols=\count274
\tabu@cnt=\count275
\tabu@Xcol=\count276
\tabu@alloc=\count277
\tabu@nested=\count278
\tabu@target=\dimen148
\tabu@spreadtarget=\dimen149
\tabu@naturalX=\dimen150
\tabucolX=\dimen151
\tabu@Xsum=\dimen152
\extrarowdepth=\dimen153
\abovetabulinesep=\dimen154
\belowtabulinesep=\dimen155
\tabustrutrule=\dimen156
\tabu@thebody=\toks24
\tabu@footnotes=\toks25
\tabu@box=\box58
\tabu@arstrutbox=\box59
\tabu@hleads=\box60
\tabu@vleads=\box61
\tabu@cellskip=\skip60
)
(/usr/share/texlive/texmf-dist/tex/latex/fancyvrb/fancyvrb.sty
Package: fancyvrb 2024/01/20 4.5c verbatim text (tvz,hv)

(/usr/share/texlive/texmf-dist/tex/latex/graphics/keyval.sty
Package: keyval 2022/05/29 v1.15 key=value parser (DPC)
\KV@toks@=\toks26
)
\FV@CodeLineNo=\count279
\FV@InFile=\read3
\FV@TabBox=\box62
\c@FancyVerbLine=\count280
\FV@StepNumber=\count281
\FV@OutFile=\write3
)
(/usr/share/texlive/texmf-dist/tex/latex/tools/tabularx.sty
Package: tabularx 2023/07/08 v2.11c `tabularx' package (DPC)
\TX@col@width=\dimen157
\TX@old@table=\dimen158
\TX@old@col=\dimen159
\TX@target=\dimen160
\TX@delta=\dimen161
\TX@cols=\count282
\TX@ftn=\toks27
)
(/usr/share/texlive/texmf-dist/tex/latex/tools/multicol.sty
Package: multicol 2023/03/30 v1.9f multicolumn formatting (FMi)
\c@tracingmulticols=\count283
\mult@box=\box63
\multicol@leftmargin=\dimen162
\c@unbalance=\count284
\c@collectmore=\count285
\doublecol@number=\count286
\multicoltolerance=\count287
\multicolpretolerance=\count288
\full@width=\dimen163
\page@free=\dimen164
\premulticols=\dimen165
\postmulticols=\dimen166
\multicolsep=\skip61
\multicolbaselineskip=\skip62
\partial@page=\box64
\last@line=\box65
\mc@boxedresult=\box66
\maxbalancingoverflow=\dimen167
\mult@rightbox=\box67
\mult@grightbox=\box68
\mult@firstbox=\box69
\mult@gfirstbox=\box70
\@tempa=\box71
\@tempa=\box72
\@tempa=\box73
\@tempa=\box74
\@tempa=\box75
\@tempa=\box76
\@tempa=\box77
\@tempa=\box78
\@tempa=\box79
\@tempa=\box80
\@tempa=\box81
\@tempa=\box82
\@tempa=\box83
\@tempa=\box84
\@tempa=\box85
\@tempa=\box86
\@tempa=\box87
\@tempa=\box88
\@tempa=\box89
\@tempa=\box90
\@tempa=\box91
\@tempa=\box92
\@tempa=\box93
\@tempa=\box94
\@tempa=\box95
\@tempa=\box96
\@tempa=\box97
\@tempa=\box98
\@tempa=\box99
\@tempa=\box100
\@tempa=\box101
\@tempa=\box102
\@tempa=\box103
\@tempa=\box104
\@tempa=\box105
\@tempa=\box106
\c@minrows=\count289
\c@columnbadness=\count290
\c@finalcolumnbadness=\count291
\last@try=\dimen168
\multicolovershoot=\dimen169
\multicolundershoot=\dimen170
\mult@nat@firstbox=\box107
\colbreak@box=\box108
\mc@col@check@num=\count292
)
(/usr/share/texlive/texmf-dist/tex/latex/multirow/multirow.sty
Package: multirow 2021/03/15 v2.8 Span multiple rows of a table
\multirow@colwidth=\skip63
\multirow@cntb=\count293
\multirow@dima=\skip64
\bigstrutjot=\dimen171
)
(/usr/share/texlive/texmf-dist/tex/latex/hanging/hanging.sty
Package: hanging 2009/09/02 v1.2b hanging paragraphs and punctuation
\h@ngcommawd=\skip65
\h@ngfstopwd=\skip66
\h@ngquotewd=\skip67
\h@ngdquotewd=\skip68
\h@ngquerywd=\skip69
\h@ngexclwd=\skip70
\h@ngcolonwd=\skip71
\h@ngscolonwd=\skip72
)
(/usr/share/texlive/texmf-dist/tex/generic/iftex/ifpdf.sty
Package: ifpdf 2019/10/25 v3.4 ifpdf legacy package. Use iftex instead.

(/usr/share/texlive/texmf-dist/tex/generic/iftex/iftex.sty
Package: iftex 2022/02/03 v1.0f TeX engine tests
))
(/usr/share/texlive/texmf-dist/tex/latex/adjustbox/adjustbox.sty
Package: adjustbox 2022/10/17 v1.3a Adjusting TeX boxes (trim, clip, ...)

(/usr/share/texlive/texmf-dist/tex/latex/xkeyval/xkeyval.sty
Package: xkeyval 2022/06/16 v2.9 package option processing (HA)

(/usr/share/texlive/texmf-dist/tex/generic/xkeyval/xkeyval.tex
(/usr/share/texlive/texmf-dist/tex/generic/xkeyval/xkvutils.tex
\XKV@toks=\toks28
\XKV@tempa@toks=\toks29
)
\XKV@depth=\count294
File: xkeyval.tex 2014/12/03 v2.7a key=value parser (HA)
))
(/usr/share/texlive/texmf-dist/tex/latex/adjustbox/adjcalc.sty
Package: adjcalc 2012/05/16 v1.1 Provides advanced setlength with multiple back
-ends (calc, etex, pgfmath)
)
(/usr/share/texlive/texmf-dist/tex/latex/adjustbox/trimclip.sty
Package: trimclip 2020/08/19 v1.2 Trim and clip general TeX material

(/usr/share/texlive/texmf-dist/tex/latex/graphics/graphicx.sty
Package: graphicx 2021/09/16 v1.2d Enhanced LaTeX Graphics (DPC,SPQR)

(/usr/share/texlive/texmf-dist/tex/latex/graphics/graphics.sty
Package: graphics 2022/03/10 v1.4e Standard LaTeX Graphics (DPC,SPQR)

(/usr/share/texlive/texmf-dist/tex/latex/graphics/trig.sty
Package: trig 2021/08/11 v1.11 sin cos tan (DPC)
)
(/usr/share/texlive/texmf-dist/tex/latex/graphics-cfg/graphics.cfg
File: graphics.cfg 2016/06/04 v1.11 sample graphics configuration
)
Package graphics Info: Driver file: pdftex.def on input line 107.
)
\Gin@req@height=\dimen172
\Gin@req@width=\dimen173
)
(/usr/share/texlive/texmf-dist/tex/latex/collectbox/collectbox.sty
Package: collectbox 2022/10/17 v0.4c Collect macro arguments as boxes
\collectedbox=\box109
)
\tc@llx=\dimen174
\tc@lly=\dimen175
\tc@urx=\dimen176
\tc@ury=\dimen177
Package trimclip Info: Using driver 'tc-pdftex.def'.

(/usr/share/texlive/texmf-dist/tex/latex/adjustbox/tc-pdftex.def
File: tc-pdftex.def 2019/01/04 v2.2 Clipping driver for pdftex
))
\adjbox@Width=\dimen178
\adjbox@Height=\dimen179
\adjbox@Depth=\dimen180
\adjbox@Totalheight=\dimen181
\adjbox@pwidth=\dimen182
\adjbox@pheight=\dimen183
\adjbox@pdepth=\dimen184
\adjbox@ptotalheight=\dimen185

(/usr/share/texlive/texmf-dist/tex/latex/ifoddpage/ifoddpage.sty
Package: ifoddpage 2022/10/18 v1.2 Conditionals for odd/even page detection
\c@checkoddpage=\count295
))
(/usr/share/texlive/texmf-dist/tex/latex/amsfonts/amssymb.sty
Package: amssymb 2013/01/14 v3.01 AMS font symbols

(/usr/share/texlive/texmf-dist/tex/latex/amsfonts/amsfonts.sty
Package: amsfonts 2013/01/14 v3.01 Basic AMSFonts support
\@emptytoks=\toks30
\symAMSa=\mathgroup4
\symAMSb=\mathgroup5
LaTeX Font Info:    Redeclaring math symbol \hbar on input line 98.
LaTeX Font Info:    Overwriting math alphabet `\mathfrak' in version `bold'
(Font)                  U/euf/m/n --> U/euf/b/n on input line 106.
))
(/usr/share/texlive/texmf-dist/tex/latex/stackengine/stackengine.sty
Package: stackengine 2021/07/22 v4.11\ Stacking text and objects in convenient 
ways

(/usr/share/texlive/texmf-dist/tex/latex/etoolbox/etoolbox.sty
Package: etoolbox 2020/10/05 v2.5k e-TeX tools for LaTeX (JAW)
\etb@tempcnta=\count296
)
(/usr/share/texlive/texmf-dist/tex/generic/listofitems/listofitems.sty
(/usr/share/texlive/texmf-dist/tex/generic/listofitems/listofitems.tex
\loi_cnt_foreach_nest=\count297
\loi_nestcnt=\count298
)
Package: listofitems 2019/08/21 v1.63 Grab items in lists using user-specified 
sep char (CT)
)
\c@@stackindex=\count299
\@boxshift=\skip73
\stack@tmplength=\skip74
\temp@stkl=\skip75
\@stackedboxwidth=\skip76
\@addedbox=\box110
\@anchorbox=\box111
\@insetbox=\box112
\se@backgroundbox=\box113
\stackedbox=\box114
\@centerbox=\box115
\c@ROWcellindex@=\count300
)
(/usr/share/texlive/texmf-dist/tex/latex/enumitem/enumitem.sty
Package: enumitem 2019/06/20 v3.9 Customized lists
\labelindent=\skip77
\enit@outerparindent=\dimen186
\enit@toks=\toks31
\enit@inbox=\box116
\enit@count@id=\count301
\enitdp@description=\count302
)
(/usr/share/texlive/texmf-dist/tex/generic/alphalph/alphalph.sty
Package: alphalph 2019/12/09 v2.6 Convert numbers to letters (HO)

(/usr/share/texlive/texmf-dist/tex/generic/intcalc/intcalc.sty
Package: intcalc 2019/12/15 v1.3 Expandable calculations with integers (HO)
))
(/usr/share/texlive/texmf-dist/tex/generic/ulem/ulem.sty
\UL@box=\box117
\UL@hyphenbox=\box118
\UL@skip=\skip78
\UL@hook=\toks32
\UL@height=\dimen187
\UL@pe=\count303
\UL@pixel=\dimen188
\ULC@box=\box119
Package: ulem 2019/11/18
\ULdepth=\dimen189
)
\xrefbox=\box120
\xreflength=\skip79
\CodeWidthChar=\skip80
\CodeHeightChar=\skip81
\DoxyCodeWidth=\skip82
\c@DoxyEnumeratei=\count304
\c@DoxyEnumerateii=\count305
\c@DoxyEnumerateiii=\count306
\c@DoxyEnumerateiv=\count307
\c@DoxyEnumeratev=\count308
\c@DoxyEnumeratevi=\count309
\c@DoxyEnumeratevii=\count310
\c@DoxyEnumerateviii=\count311
\c@DoxyEnumerateix=\count312
\c@DoxyEnumeratex=\count313
\c@DoxyEnumeratexi=\count314
\c@DoxyEnumeratexii=\count315
\enitdp@DoxyEnumerate=\count316
\enitdp@DoxyItemize=\count317
\c@subsubsubsection=\count318
\c@subsubsubsubsection=\count319
\c@subsubsubsubsubsection=\count320
\c@subsubsubsubsubsubsection=\count321
)
(/usr/share/texlive/texmf-dist/tex/latex/base/inputenc.sty
Package: inputenc 2021/02/14 v1.3d Input encoding file
\inpenc@prehook=\toks33
\inpenc@posthook=\toks34
)
(/usr/share/texlive/texmf-dist/tex/latex/base/makeidx.sty
Package: makeidx 2021/10/04 v1.0m Standard LaTeX package
)
(/usr/share/texlive/texmf-dist/tex/latex/base/textcomp.sty
Package: textcomp 2020/02/02 v2.0n Standard LaTeX package
)
(/usr/share/texlive/texmf-dist/tex/latex/wasysym/wasysym.sty
Package: wasysym 2020/01/19 v2.4 Wasy-2 symbol support package
\symwasy=\mathgroup6
LaTeX Font Info:    Overwriting symbol font `wasy' in version `bold'
(Font)                  U/wasy/m/n --> U/wasy/b/n on input line 93.
)
(/usr/share/texlive/texmf-dist/tex/generic/iftex/ifxetex.sty
Package: ifxetex 2019/10/25 v0.7 ifxetex legacy package. Use iftex instead.
)
(/usr/share/texlive/texmf-dist/tex/latex/base/fontenc.sty
Package: fontenc 2021/04/29 v2.0v Standard LaTeX package
)
(/usr/share/texlive/texmf-dist/tex/latex/psnfss/helvet.sty
Package: helvet 2020/03/25 PSNFSS-v9.3 (WaS) 
)
(/usr/share/texlive/texmf-dist/tex/latex/psnfss/courier.sty
Package: courier 2020/03/25 PSNFSS-v9.3 (WaS) 
)
(/usr/share/texlive/texmf-dist/tex/latex/geometry/geometry.sty
Package: geometry 2020/01/02 v5.9 Page Geometry

(/usr/share/texlive/texmf-dist/tex/generic/iftex/ifvtex.sty
Package: ifvtex 2019/10/25 v1.7 ifvtex legacy package. Use iftex instead.
)
\Gm@cnth=\count322
\Gm@cntv=\count323
\c@Gm@tempcnt=\count324
\Gm@bindingoffset=\dimen190
\Gm@wd@mp=\dimen191
\Gm@odd@mp=\dimen192
\Gm@even@mp=\dimen193
\Gm@layoutwidth=\dimen194
\Gm@layoutheight=\dimen195
\Gm@layouthoffset=\dimen196
\Gm@layoutvoffset=\dimen197
\Gm@dimlist=\toks35
)
(/usr/share/texlive/texmf-dist/tex/latex/changepage/changepage.sty
Package: changepage 2009/10/20 v1.0c check page and change page layout
\c@cp@cntr=\count325
\cp@tempcnt=\count326
LaTeX Info: Redefining \checkoddpage on input line 59.
)
(/usr/share/texlive/texmf-dist/tex/latex/fancyhdr/fancyhdr.sty
Package: fancyhdr 2022/11/09 v4.1 Extensive control of page headers and footers

\f@nch@headwidth=\skip83
\f@nch@O@elh=\skip84
\f@nch@O@erh=\skip85
\f@nch@O@olh=\skip86
\f@nch@O@orh=\skip87
\f@nch@O@elf=\skip88
\f@nch@O@erf=\skip89
\f@nch@O@olf=\skip90
\f@nch@O@orf=\skip91
)
(/usr/share/texlive/texmf-dist/tex/latex/natbib/natbib.sty
Package: natbib 2010/09/13 8.31b (PWD, AO)
\bibhang=\skip92
\bibsep=\skip93
LaTeX Info: Redefining \cite on input line 694.
\c@NAT@ctr=\count327
)
(/usr/share/texlive/texmf-dist/tex/latex/tocloft/tocloft.sty
Package: tocloft 2017/08/31 v2.3i parameterised ToC, etc., typesetting
Package tocloft Info: The document has chapter divisions on input line 51.
\cftparskip=\skip94
\cftbeforetoctitleskip=\skip95
\cftaftertoctitleskip=\skip96
\cftbeforepartskip=\skip97
\cftpartnumwidth=\skip98
\cftpartindent=\skip99
\cftbeforechapskip=\skip100
\cftchapindent=\skip101
\cftchapnumwidth=\skip102
\cftbeforesecskip=\skip103
\cftsecindent=\skip104
\cftsecnumwidth=\skip105
\cftbeforesubsecskip=\skip106
\cftsubsecindent=\skip107
\cftsubsecnumwidth=\skip108
\cftbeforesubsubsecskip=\skip109
\cftsubsubsecindent=\skip110
\cftsubsubsecnumwidth=\skip111
\cftbeforeparaskip=\skip112
\cftparaindent=\skip113
\cftparanumwidth=\skip114
\cftbeforesubparaskip=\skip115
\cftsubparaindent=\skip116
\cftsubparanumwidth=\skip117
\cftbeforeloftitleskip=\skip118
\cftafterloftitleskip=\skip119
\cftbeforefigskip=\skip120
\cftfigindent=\skip121
\cftfignumwidth=\skip122
\c@lofdepth=\count328
\c@lotdepth=\count329
\cftbeforelottitleskip=\skip123
\cftafterlottitleskip=\skip124
\cftbeforetabskip=\skip125
\cfttabindent=\skip126
\cfttabnumwidth=\skip127
)
\@indexfile=\write4
\openout4 = `refman.idx'.


Writing index file refman.idx
(/usr/share/texlive/texmf-dist/tex/latex/newunicodechar/newunicodechar.sty
Package: newunicodechar 2018/04/08 v1.2 Defining Unicode characters
)
(/usr/share/texlive/texmf-dist/tex/latex/hyperref/hyperref.sty
Package: hyperref 2024-01-20 v7.01h Hypertext links for LaTeX

(/usr/share/texlive/texmf-dist/tex/latex/kvsetkeys/kvsetkeys.sty
Package: kvsetkeys 2022-10-05 v1.19 Key value parser (HO)
)
(/usr/share/texlive/texmf-dist/tex/generic/kvdefinekeys/kvdefinekeys.sty
Package: kvdefinekeys 2019-12-19 v1.6 Define keys (HO)
)
(/usr/share/texlive/texmf-dist/tex/generic/pdfescape/pdfescape.sty
Package: pdfescape 2019/12/09 v1.15 Implements pdfTeX's escape features (HO)

(/usr/share/texlive/texmf-dist/tex/generic/ltxcmds/ltxcmds.sty
Package: ltxcmds 2023-12-04 v1.26 LaTeX kernel commands for general use (HO)
)
(/usr/share/texlive/texmf-dist/tex/generic/pdftexcmds/pdftexcmds.sty
Package: pdftexcmds 2020-06-27 v0.33 Utility functions of pdfTeX for LuaTeX (HO
)
Package pdftexcmds Info: \pdf@primitive is available.
Package pdftexcmds Info: \pdf@ifprimitive is available.
Package pdftexcmds Info: \pdfdraftmode found.
))
(/usr/share/texlive/texmf-dist/tex/latex/hycolor/hycolor.sty
Package: hycolor 2020-01-27 v1.10 Color options for hyperref/bookmark (HO)
)
(/usr/share/texlive/texmf-dist/tex/latex/auxhook/auxhook.sty
Package: auxhook 2019-12-17 v1.6 Hooks for auxiliary files (HO)
)
(/usr/share/texlive/texmf-dist/tex/latex/hyperref/nameref.sty
Package: nameref 2023-11-26 v2.56 Cross-referencing by name of section

(/usr/share/texlive/texmf-dist/tex/latex/refcount/refcount.sty
Package: refcount 2019/12/15 v3.6 Data extraction from label references (HO)
)
(/usr/share/texlive/texmf-dist/tex/generic/gettitlestring/gettitlestring.sty
Package: gettitlestring 2019/12/15 v1.6 Cleanup title references (HO)

(/usr/share/texlive/texmf-dist/tex/latex/kvoptions/kvoptions.sty
Package: kvoptions 2022-06-15 v3.15 Key value format for package options (HO)
))
\c@section@level=\count330
)
\@linkdim=\dimen198
\Hy@linkcounter=\count331
\Hy@pagecounter=\count332

(/usr/share/texlive/texmf-dist/tex/latex/hyperref/pd1enc.def
File: pd1enc.def 2024-01-20 v7.01h Hyperref: PDFDocEncoding definition (HO)
Now handling font encoding PD1 ...
... no UTF-8 mapping file for font encoding PD1
)
\Hy@SavedSpaceFactor=\count333

(/usr/share/texlive/texmf-dist/tex/latex/hyperref/puenc.def
File: puenc.def 2024-01-20 v7.01h Hyperref: PDF Unicode definition (HO)
Now handling font encoding PU ...
... no UTF-8 mapping file for font encoding PU
)
Package hyperref Info: Hyper figures OFF on input line 4179.
Package hyperref Info: Link nesting OFF on input line 4184.
Package hyperref Info: Hyper index ON on input line 4187.
Package hyperref Info: Plain pages OFF on input line 4194.
Package hyperref Info: Backreferencing ON on input line 4197.
Package hyperref Info: Implicit mode ON; LaTeX internals redefined.
Package hyperref Info: Bookmarks ON on input line 4446.

(/usr/share/texlive/texmf-dist/tex/latex/hyperref/backref.sty
Package: backref 2023-11-26 v1.44 Bibliographical back referencing

(/usr/share/texlive/texmf-dist/tex/latex/rerunfilecheck/rerunfilecheck.sty
Package: rerunfilecheck 2022-07-10 v1.10 Rerun checks for auxiliary files (HO)

(/usr/share/texlive/texmf-dist/tex/latex/base/atveryend-ltx.sty
Package: atveryend-ltx 2020/08/19 v1.0a Emulation of the original atveryend pac
kage
with kernel methods
)
(/usr/share/texlive/texmf-dist/tex/generic/uniquecounter/uniquecounter.sty
Package: uniquecounter 2019/12/15 v1.4 Provide unlimited unique counter (HO)

(/usr/share/texlive/texmf-dist/tex/generic/bigintcalc/bigintcalc.sty
Package: bigintcalc 2019/12/15 v1.5 Expandable calculations on big integers (HO
)
))
Package uniquecounter Info: New unique counter `rerunfilecheck' on input line 2
85.
))
\c@Hy@tempcnt=\count334

(/usr/share/texlive/texmf-dist/tex/latex/url/url.sty
\Urlmuskip=\muskip16
Package: url 2013/09/16  ver 3.4  Verb mode for urls, etc.
)
LaTeX Info: Redefining \url on input line 4784.
\XeTeXLinkMargin=\dimen199

(/usr/share/texlive/texmf-dist/tex/generic/bitset/bitset.sty
Package: bitset 2019/12/09 v1.3 Handle bit-vector datatype (HO)
)
\Fld@menulength=\count335
\Field@Width=\dimen256
\Fld@charsize=\dimen257
Package hyperref Info: Hyper figures OFF on input line 6063.
Package hyperref Info: Link nesting OFF on input line 6068.
Package hyperref Info: Hyper index ON on input line 6071.
Package hyperref Info: backreferencing ON on input line 6076.
Package hyperref Info: Link coloring OFF on input line 6083.
Package hyperref Info: Link coloring with OCG OFF on input line 6088.
Package hyperref Info: PDF/A mode OFF on input line 6093.

(/usr/share/texlive/texmf-dist/tex/latex/base/atbegshi-ltx.sty
Package: atbegshi-ltx 2021/01/10 v1.0c Emulation of the original atbegshi
package with kernel methods
)
\Hy@abspage=\count336
\c@Item=\count337
\c@Hfootnote=\count338
)
Package hyperref Info: Driver: hpdftex.

(/usr/share/texlive/texmf-dist/tex/latex/hyperref/hpdftex.def
File: hpdftex.def 2024-01-20 v7.01h Hyperref driver for pdfTeX
\Fld@listcount=\count339
\c@bookmark@seq@number=\count340
\Hy@SectionHShift=\skip128
)
Package hyperref Info: Option `colorlinks' set `true' on input line 161.
Package hyperref Info: Option `unicode' set `true' on input line 161.

(/usr/share/texlive/texmf-dist/tex/latex/caption/caption.sty
Package: caption 2023/08/05 v3.6o Customizing captions (AR)

(/usr/share/texlive/texmf-dist/tex/latex/caption/caption3.sty
Package: caption3 2023/07/31 v2.4d caption3 kernel (AR)
\caption@tempdima=\dimen258
\captionmargin=\dimen259
\caption@leftmargin=\dimen260
\caption@rightmargin=\dimen261
\caption@width=\dimen262
\caption@indent=\dimen263
\caption@parindent=\dimen264
\caption@hangindent=\dimen265
Package caption Info: Standard document class detected.
)
\c@caption@flags=\count341
\c@continuedfloat=\count342
Package caption Info: changepage package is loaded.
\caption@adjustwidth@hsize=\dimen266
\caption@adjustwidth@linewidth=\dimen267
Package caption Info: float package is loaded.
Package caption Info: hyperref package is loaded.
Package caption Info: longtable package is loaded.

(/usr/share/texlive/texmf-dist/tex/latex/caption/ltcaption.sty
Package: ltcaption 2021/01/08 v1.4c longtable captions (AR)
))
(/usr/share/texlive/texmf-dist/tex/latex/etoc/etoc.sty
Package: etoc 2023/10/29 v1.2d Completely customisable TOCs (JFB)
\Etoc@toctoks=\toks36
\c@etoc@tocid=\count343
\etoc@framed@titlebox=\box121
\etoc@framed@contentsbox=\box122
)
LaTeX Font Info:    Trying to load font information for T1+phv on input line 18
3.

(/usr/share/texlive/texmf-dist/tex/latex/psnfss/t1phv.fd
File: t1phv.fd 2020/03/25 scalable font definitions for T1/phv.
)
LaTeX Font Info:    Font shape `T1/phv/m/n' will be
(Font)              scaled to size 8.99994pt on input line 183.

(/usr/share/texlive/texmf-dist/tex/latex/l3backend/l3backend-pdftex.def
File: l3backend-pdftex.def 2024-01-04 L3 backend support: PDF output (pdfTeX)
\l__color_backend_stack_int=\count344
\l__pdf_internal_box=\box123
)
(./refman.aux)
\openout1 = `refman.aux'.

LaTeX Font Info:    Checking defaults for OML/cmm/m/it on input line 183.
LaTeX Font Info:    ... okay on input line 183.
LaTeX Font Info:    Checking defaults for OMS/cmsy/m/n on input line 183.
LaTeX Font Info:    ... okay on input line 183.
LaTeX Font Info:    Checking defaults for OT1/cmr/m/n on input line 183.
LaTeX Font Info:    ... okay on input line 183.
LaTeX Font Info:    Checking defaults for T1/cmr/m/n on input line 183.
LaTeX Font Info:    ... okay on input line 183.
LaTeX Font Info:    Checking defaults for TS1/cmr/m/n on input line 183.
LaTeX Font Info:    ... okay on input line 183.
LaTeX Font Info:    Checking defaults for OMX/cmex/m/n on input line 183.
LaTeX Font Info:    ... okay on input line 183.
LaTeX Font Info:    Checking defaults for U/cmr/m/n on input line 183.
LaTeX Font Info:    ... okay on input line 183.
LaTeX Font Info:    Checking defaults for PD1/pdf/m/n on input line 183.
LaTeX Font Info:    ... okay on input line 183.
LaTeX Font Info:    Checking defaults for PU/pdf/m/n on input line 183.
LaTeX Font Info:    ... okay on input line 183.

(/usr/share/texlive/texmf-dist/tex/context/base/mkii/supp-pdf.mkii
[Loading MPS to PDF converter (version 2006.09.02).]
\scratchcounter=\count345
\scratchdimen=\dimen268
\scratchbox=\box124
\nofMPsegments=\count346
\nofMParguments=\count347
\everyMPshowfont=\toks37
\MPscratchCnt=\count348
\MPscratchDim=\dimen269
\MPnumerator=\count349
\makeMPintoPDFobject=\count350
\everyMPtoPDFconversion=\toks38
) (/usr/share/texlive/texmf-dist/tex/latex/epstopdf-pkg/epstopdf-base.sty
Package: epstopdf-base 2020-01-24 v2.11 Base part for package epstopdf
Package epstopdf-base Info: Redefining graphics rule for `.eps' on input line 4
85.

(/usr/share/texlive/texmf-dist/tex/latex/latexconfig/epstopdf-sys.cfg
File: epstopdf-sys.cfg 2010/07/13 v1.3 Configuration of (r)epstopdf for TeX Liv
e
))
*geometry* driver: auto-detecting
*geometry* detected driver: pdftex
*geometry* verbose mode - [ preamble ] result:
* driver: pdftex
* paper: a4paper
* layout: <same size as paper>
* layoutoffset:(h,v)=(0.0pt,0.0pt)
* modes: twoside 
* h-part:(L,W,R)=(71.13188pt, 455.24411pt, 71.13188pt)
* v-part:(T,H,B)=(71.13188pt, 702.78308pt, 71.13188pt)
* \paperwidth=597.50787pt
* \paperheight=845.04684pt
* \textwidth=455.24411pt
* \textheight=702.78308pt
* \oddsidemargin=-1.1381pt
* \evensidemargin=-1.1381pt
* \topmargin=-31.2056pt
* \headheight=12.0pt
* \headsep=18.06749pt
* \topskip=10.0pt
* \footskip=25.29494pt
* \marginparwidth=125.0pt
* \marginparsep=7.0pt
* \columnsep=10.0pt
* \skip\footins=9.0pt plus 4.0pt minus 2.0pt
* \hoffset=0.0pt
* \voffset=0.0pt
* \mag=1000
* \@twocolumnfalse
* \@twosidetrue
* \@mparswitchtrue
* \@reversemarginfalse
* (1in=72.27pt=25.4mm, 1cm=28.453pt)

Package backref Info: ** backref set up for natbib ** on input line 183.
Package hyperref Info: Link coloring ON on input line 183.
(./refman.out) (./refman.out)
\@outlinefile=\write5
\openout5 = `refman.out'.

Package caption Info: Begin \AtBeginDocument code.
Package caption Info: End \AtBeginDocument code.
\Etoc@tf=\read4
Package hyperref Info: Option `pageanchor' set `false' on input line 191.
Package hyperref Info: Option `bookmarksnumbered' set `true' on input line 191.

Package hyperref Info: Option `unicode' set `true' on input line 191.
LaTeX Font Info:    Font shape `T1/phv/m/n' will be
(Font)              scaled to size 12.9599pt on input line 196.
LaTeX Font Info:    Font shape `T1/phv/m/n' will be
(Font)              scaled to size 10.79993pt on input line 198.
 [1


{/var/lib/texmf/fonts/map/pdftex/updmap/pdftex.map}{/usr/share/texlive/texmf-di
st/fonts/enc/dvips/base/8r.enc}] [2

]
\tf@toc=\write6
\openout6 = `refman.toc'.

LaTeX Font Info:    Font shape `T1/phv/b/n' will be
(Font)              scaled to size 8.99994pt on input line 204.
LaTeX Font Info:    Trying to load font information for U+msa on input line 204
.

(/usr/share/texlive/texmf-dist/tex/latex/amsfonts/umsa.fd
File: umsa.fd 2013/01/14 v3.01 AMS symbols A
)
LaTeX Font Info:    Trying to load font information for U+msb on input line 204
.

(/usr/share/texlive/texmf-dist/tex/latex/amsfonts/umsb.fd
File: umsb.fd 2013/01/14 v3.01 AMS symbols B
)
LaTeX Font Info:    Trying to load font information for U+wasy on input line 20
4.

(/usr/share/texlive/texmf-dist/tex/latex/wasysym/uwasy.fd
File: uwasy.fd 2020/01/19 v2.4 Wasy-2 symbol font definitions
)
LaTeX Font Info:    Font shape `T1/phv/m/n' will be
(Font)              scaled to size 6.29996pt on input line 204.
LaTeX Font Info:    Font shape `T1/phv/b/n' will be
(Font)              scaled to size 6.29996pt on input line 204.
 [1]
LaTeX Font Info:    Font shape `T1/phv/m/n' will be
(Font)              scaled to size 7.19995pt on input line 204.
LaTeX Font Info:    Trying to load font information for T1+pcr on input line 20
4.

(/usr/share/texlive/texmf-dist/tex/latex/psnfss/t1pcr.fd
File: t1pcr.fd 2001/06/04 font definitions for T1/pcr.
) [2] [3] [4] [5]
[6] [7] [8] [9]
Underfull \hbox (badness 10000) in paragraph at lines 204--204
 [][] [][]\T1/phv/m/n/10 9.14 lib/ros2[]_[]ws/src/dalsa[]_[]bioscara[]_[]arm/bi
oscara[]_[]arm[]_[]hardware[]_[]driver/include/bioscara[]_[]arm[]_[] 
 []


Underfull \hbox (badness 10000) in paragraph at lines 204--204
 [][] [][]\T1/phv/m/n/10 9.16 lib/ros2[]_[]ws/src/dalsa[]_[]bioscara[]_[]arm/bi
oscara[]_[]arm[]_[]hardware[]_[]driver/include/bioscara[]_[]arm[]_[] 
 []


Underfull \hbox (badness 10000) in paragraph at lines 204--204
 [][] [][]\T1/phv/m/n/10 9.18 lib/ros2[]_[]ws/src/dalsa[]_[]bioscara[]_[]arm/bi
oscara[]_[]arm[]_[]hardware[]_[]driver/include/bioscara[]_[]arm[]_[] 
 []


Underfull \hbox (badness 10000) in paragraph at lines 204--204
 [][] [][]\T1/phv/m/n/10 9.20 lib/ros2[]_[]ws/src/dalsa[]_[]bioscara[]_[]arm/bi
oscara[]_[]arm[]_[]hardware[]_[]driver/include/bioscara[]_[]arm[]_[] 
 []


Underfull \hbox (badness 10000) in paragraph at lines 204--204
 [][] [][]\T1/phv/m/n/10 9.22 lib/ros2[]_[]ws/src/dalsa[]_[]bioscara[]_[]arm/bi
oscara[]_[]arm[]_[]hardware[]_[]driver/include/bioscara[]_[]arm[]_[] 
 []

[10]
Underfull \hbox (badness 10000) in paragraph at lines 204--204
 [][] [][]\T1/phv/m/n/10 9.24 lib/ros2[]_[]ws/src/dalsa[]_[]bioscara[]_[]arm/bi
oscara[]_[]arm[]_[]hardware[]_[]driver/include/bioscara[]_[]arm[]_[] 
 []


Underfull \hbox (badness 10000) in paragraph at lines 204--204
 [][] [][]\T1/phv/m/n/10 9.26 lib/ros2[]_[]ws/src/dalsa[]_[]bioscara[]_[]arm/bi
oscara[]_[]arm[]_[]hardware[]_[]driver/include/bioscara[]_[]arm[]_[] 
 []


Underfull \hbox (badness 10000) in paragraph at lines 204--204
 [][] [][]\T1/phv/m/n/10 9.28 lib/ros2[]_[]ws/src/dalsa[]_[]bioscara[]_[]arm/bi
oscara[]_[]arm[]_[]hardware[]_[]driver/include/bioscara[]_[]arm[]_[] 
 []

[11]
Underfull \hbox (badness 10000) in paragraph at lines 204--204
 [][] [][]\T1/phv/m/n/10 9.36 lib/ros2[]_[]ws/src/dalsa[]_[]bioscara[]_[]arm/bi
oscara[]_[]arm[]_[]hardware[]_[]interface/include/bioscara[]_[]arm[]_[] 
 []


Underfull \hbox (badness 958) in paragraph at lines 204--204
 [][] [][]\T1/phv/m/n/10 9.38 lib/ros2[]_[]ws/src/dalsa[]_[]bioscara[]_[]arm/bi
oscara[]_[]arm[]_[]hardware[]_[]interface/src/arm[]_[]hardware.cpp File 
 []


Underfull \hbox (badness 10000) in paragraph at lines 204--204
 [][] [][]\T1/phv/m/n/10 9.39 lib/ros2[]_[]ws/src/dalsa[]_[]bioscara[]_[]grippe
rs/bioscara[]_[]gripper[]_[]hardware[]_[]driver/include/bioscara[]_[] 
 []


Underfull \hbox (badness 10000) in paragraph at lines 204--204
 [][] [][]\T1/phv/m/n/10 9.41 lib/ros2[]_[]ws/src/dalsa[]_[]bioscara[]_[]grippe
rs/bioscara[]_[]gripper[]_[]hardware[]_[]driver/include/bioscara[]_[] 
 []


Underfull \hbox (badness 10000) in paragraph at lines 204--204
 [][] [][]\T1/phv/m/n/10 9.43 lib/ros2[]_[]ws/src/dalsa[]_[]bioscara[]_[]grippe
rs/bioscara[]_[]gripper[]_[]hardware[]_[]driver/include/bioscara[]_[] 
 []


Underfull \hbox (badness 10000) in paragraph at lines 204--204
 [][] [][]\T1/phv/m/n/10 9.45 lib/ros2[]_[]ws/src/dalsa[]_[]bioscara[]_[]grippe
rs/bioscara[]_[]gripper[]_[]hardware[]_[]driver/include/bioscara[]_[] 
 []


Underfull \hbox (badness 7504) in paragraph at lines 204--204
 [][] [][]\T1/phv/m/n/10 9.47 lib/ros2[]_[]ws/src/dalsa[]_[]bioscara[]_[]grippe
rs/bioscara[]_[]gripper[]_[]hardware[]_[]driver/src/m[]Base[]Gripper.cpp 
 []


Underfull \hbox (badness 3536) in paragraph at lines 204--204
 [][] [][]\T1/phv/m/n/10 9.48 lib/ros2[]_[]ws/src/dalsa[]_[]bioscara[]_[]grippe
rs/bioscara[]_[]gripper[]_[]hardware[]_[]driver/src/m[]Gripper.cpp File 
 []


Underfull \hbox (badness 4954) in paragraph at lines 204--204
 [][] [][]\T1/phv/m/n/10 9.49 lib/ros2[]_[]ws/src/dalsa[]_[]bioscara[]_[]grippe
rs/bioscara[]_[]gripper[]_[]hardware[]_[]driver/src/m[]Mock[]Gripper.cpp 
 []


Underfull \hbox (badness 3219) in paragraph at lines 204--204
 [][] [][]\T1/phv/m/n/10 9.50 lib/ros2[]_[]ws/src/dalsa[]_[]bioscara[]_[]grippe
rs/bioscara[]_[]gripper[]_[]hardware[]_[]interface/include/bioscara[]_[] 
 []


Underfull \hbox (badness 10000) in paragraph at lines 204--204
 [][] [][]\T1/phv/m/n/10 9.52 lib/ros2[]_[]ws/src/dalsa[]_[]bioscara[]_[]grippe
rs/bioscara[]_[]gripper[]_[]hardware[]_[]interface/src/gripper[]_[] 
 []

[12] [13] [14]
Package hyperref Info: Option `pageanchor' set `true' on input line 207.
 (./index.tex
Chapter 1.
LaTeX Font Info:    Font shape `T1/phv/m/n' will be
(Font)              scaled to size 18.66588pt on input line 1.
LaTeX Font Info:    Font shape `T1/phv/b/n' will be
(Font)              scaled to size 18.66588pt on input line 1.
LaTeX Font Info:    Font shape `T1/phv/b/n' will be
(Font)              scaled to size 22.39185pt on input line 1.
) (./todo.tex [1


] [2

]
Chapter 2.

Underfull \hbox (badness 10000) in paragraph at lines 5--5
[]\T1/phv/b/n/10 Member [] (const hardware[]_[]
 []

) [3] [4

]
Chapter 3.
(./namespaces.tex
LaTeX Font Info:    Font shape `T1/phv/b/n' will be
(Font)              scaled to size 12.9599pt on input line 1.
) [5] [6

]
Chapter 4.
(./hierarchy.tex) [7] [8

]
Chapter 5.
(./annotated.tex) [9] [10

]
Chapter 6.
(./files.tex
Underfull \hbox (badness 10000) in paragraph at lines 10--10
 [][] \T1/phv/m/n/10 lib/ros2[]_[]ws/src/dalsa[]_[]bioscara[]_[]arm/bioscara[]_
[]arm[]_[]hardware[]_[]driver/include/bioscara[]_[]arm[]_[]hardware[]_[] 
 []


Underfull \hbox (badness 10000) in paragraph at lines 11--11
 [][] \T1/phv/m/n/10 lib/ros2[]_[]ws/src/dalsa[]_[]bioscara[]_[]arm/bioscara[]_
[]arm[]_[]hardware[]_[]driver/include/bioscara[]_[]arm[]_[]hardware[]_[] 
 []


Underfull \hbox (badness 10000) in paragraph at lines 12--12
 [][] \T1/phv/m/n/10 lib/ros2[]_[]ws/src/dalsa[]_[]bioscara[]_[]arm/bioscara[]_
[]arm[]_[]hardware[]_[]driver/include/bioscara[]_[]arm[]_[]hardware[]_[] 
 []


Underfull \hbox (badness 10000) in paragraph at lines 13--13
 [][] \T1/phv/m/n/10 lib/ros2[]_[]ws/src/dalsa[]_[]bioscara[]_[]arm/bioscara[]_
[]arm[]_[]hardware[]_[]driver/include/bioscara[]_[]arm[]_[]hardware[]_[] 
 []


Underfull \hbox (badness 10000) in paragraph at lines 14--14
 [][] \T1/phv/m/n/10 lib/ros2[]_[]ws/src/dalsa[]_[]bioscara[]_[]arm/bioscara[]_
[]arm[]_[]hardware[]_[]driver/include/bioscara[]_[]arm[]_[]hardware[]_[] 
 []


Underfull \hbox (badness 10000) in paragraph at lines 15--15
 [][] \T1/phv/m/n/10 lib/ros2[]_[]ws/src/dalsa[]_[]bioscara[]_[]arm/bioscara[]_
[]arm[]_[]hardware[]_[]driver/include/bioscara[]_[]arm[]_[]hardware[]_[] 
 []


Underfull \hbox (badness 10000) in paragraph at lines 16--16
 [][] \T1/phv/m/n/10 lib/ros2[]_[]ws/src/dalsa[]_[]bioscara[]_[]arm/bioscara[]_
[]arm[]_[]hardware[]_[]driver/include/bioscara[]_[]arm[]_[]hardware[]_[] 
 []


Underfull \hbox (badness 10000) in paragraph at lines 17--17
 [][] \T1/phv/m/n/10 lib/ros2[]_[]ws/src/dalsa[]_[]bioscara[]_[]arm/bioscara[]_
[]arm[]_[]hardware[]_[]driver/include/bioscara[]_[]arm[]_[]hardware[]_[] 
 []

[11]
Underfull \hbox (badness 10000) in paragraph at lines 26--26
 [][] \T1/phv/m/n/10 lib/ros2[]_[]ws/src/dalsa[]_[]bioscara[]_[]grippers/biosca
ra[]_[]gripper[]_[]hardware[]_[]driver/include/bioscara[]_[]gripper[]_[] 
 []


Underfull \hbox (badness 10000) in paragraph at lines 27--27
 [][] \T1/phv/m/n/10 lib/ros2[]_[]ws/src/dalsa[]_[]bioscara[]_[]grippers/biosca
ra[]_[]gripper[]_[]hardware[]_[]driver/include/bioscara[]_[]gripper[]_[] 
 []


Underfull \hbox (badness 10000) in paragraph at lines 28--28
 [][] \T1/phv/m/n/10 lib/ros2[]_[]ws/src/dalsa[]_[]bioscara[]_[]grippers/biosca
ra[]_[]gripper[]_[]hardware[]_[]driver/include/bioscara[]_[]gripper[]_[] 
 []


Underfull \hbox (badness 10000) in paragraph at lines 29--29
 [][] \T1/phv/m/n/10 lib/ros2[]_[]ws/src/dalsa[]_[]bioscara[]_[]grippers/biosca
ra[]_[]gripper[]_[]hardware[]_[]driver/include/bioscara[]_[]gripper[]_[] 
 []


Underfull \hbox (badness 10000) in paragraph at lines 33--33
 [][] \T1/phv/m/n/10 lib/ros2[]_[]ws/src/dalsa[]_[]bioscara[]_[]grippers/biosca
ra[]_[]gripper[]_[]hardware[]_[]interface/include/bioscara[]_[] 
 []

) [12]
Chapter 7.
(./namespacebioscara__hardware__drivers.tex
LaTeX Font Info:    Trying to load font information for TS1+phv on input line 6
.

(/usr/share/texlive/texmf-dist/tex/latex/psnfss/ts1phv.fd
File: ts1phv.fd 2020/03/25 scalable font definitions for TS1/phv.
)
LaTeX Font Info:    Font shape `TS1/phv/m/n' will be
(Font)              scaled to size 8.99994pt on input line 6.
LaTeX Font Info:    Font shape `T1/phv/m/n' will be
(Font)              scaled to size 8.09995pt on input line 7.
LaTeX Font Info:    Font shape `T1/phv/m/it' in size <9> not available
(Font)              Font shape `T1/phv/m/sl' tried instead on input line 7.
LaTeX Font Info:    Font shape `T1/phv/m/sl' will be
(Font)              scaled to size 8.09995pt on input line 7.
LaTeX Font Info:    Font shape `T1/phv/b/n' will be
(Font)              scaled to size 10.79993pt on input line 42.
 [13

]
LaTeX Font Info:    Font shape `T1/pcr/m/it' in size <8> not available
(Font)              Font shape `T1/pcr/m/sl' tried instead on input line 98.

Underfull \hbox (badness 10000) detected at line 109
[][][]
 []

) (./namespacebioscara__hardware__interfaces.tex)
(./namespacebioscara__rviz__plugin.tex [14]) (./namespaceUi.tex) [15] [16

]
Chapter 8.
(./classbioscara__hardware__drivers_1_1BaseGripper.tex <./classbioscara__hardwa
re__drivers_1_1BaseGripper.pdf>
<classbioscara__hardware__drivers_1_1BaseGripper.pdf, id=3096, 501.875pt x 78.1
1183pt>
File: classbioscara__hardware__drivers_1_1BaseGripper.pdf Graphic file (type pd
f)
<use classbioscara__hardware__drivers_1_1BaseGripper.pdf>
Package pdftex.def Info: classbioscara__hardware__drivers_1_1BaseGripper.pdf  u
sed on input line 15.
(pdftex.def)             Requested size: 365.63052pt x 56.9055pt.
LaTeX Font Info:    Font shape `T1/phv/m/it' in size <7> not available
(Font)              Font shape `T1/phv/m/sl' tried instead on input line 22.
LaTeX Font Info:    Font shape `T1/phv/m/sl' will be
(Font)              scaled to size 6.29996pt on input line 22.
 [17]
LaTeX Font Info:    Font shape `T1/pcr/m/it' in size <7> not available
(Font)              Font shape `T1/pcr/m/sl' tried instead on input line 82.
 [18]
Underfull \hbox (badness 10000) detected at line 144
[][][]
 []


Underfull \hbox (badness 10000) detected at line 157
[][][]
 []

[19]
Underfull \hbox (badness 10000) detected at line 174
[][][]
 []


Underfull \hbox (badness 10000) detected at line 191
[][][]
 []


Underfull \hbox (badness 10000) detected at line 199
[][][]
 []

[20]
Underfull \hbox (badness 10000) detected at line 212
[][][]
 []


Underfull \hbox (badness 10000) detected at line 230
[][][]
 []


Underfull \hbox (badness 10000) detected at line 248
[][][]
 []

[21]
Underfull \hbox (badness 10000) detected at line 276
[][][]
 []


Underfull \hbox (badness 10000) in paragraph at lines 335--336
\T1/pcr/m/n/8 std[]::chrono[]::[]_[][]V2[]::system[]_[]clock[]::time[]_[]point 
bioscara[]_[]hardware[]_[]drivers[]::[]Base[]Gripper[]::[]_[]new[]_[]cmd[]_[]
 []

[22]
Underfull \hbox (badness 10000) in paragraph at lines 387--388
[]\T1/phv/m/n/10 lib/ros2[]_[]ws/src/dalsa[]_[]bioscara[]_[]grippers/bioscara[]
_[]gripper[]_[]hardware[]_[]driver/include/bioscara[]_[]gripper[]_[]
 []

) (./classbioscara__hardware__drivers_1_1BaseJoint.tex <./classbioscara__hardwa
re__drivers_1_1BaseJoint.pdf>
<classbioscara__hardware__drivers_1_1BaseJoint.pdf, id=3239, 501.875pt x 83.301
21pt>
File: classbioscara__hardware__drivers_1_1BaseJoint.pdf Graphic file (type pdf)

<use classbioscara__hardware__drivers_1_1BaseJoint.pdf>
Package pdftex.def Info: classbioscara__hardware__drivers_1_1BaseJoint.pdf  use
d on input line 15.
(pdftex.def)             Requested size: 342.84036pt x 56.9055pt.
 [23] [24] [25]
Overfull \vbox (14.4869pt too high) has occurred while \output is active []


[26]
Underfull \hbox (badness 10000) detected at line 345
[][][]
 []

[27]
Underfull \hbox (badness 10000) detected at line 362
[][][]
 []


Underfull \hbox (badness 10000) detected at line 370
[][][]
 []


Underfull \hbox (badness 10000) detected at line 387
[][][]
 []


Underfull \hbox (badness 10000) detected at line 404
[][][]
 []

[28]
Underfull \hbox (badness 10000) detected at line 440
[][][]
 []


Underfull \hbox (badness 10000) detected at line 457
[][][]
 []

[29]
Underfull \hbox (badness 10000) detected at line 465
[][][]
 []


Underfull \hbox (badness 10000) detected at line 482
[][][]
 []

LaTeX Font Info:    Font shape `T1/phv/b/n' will be
(Font)              scaled to size 7.19995pt on input line 488.

Underfull \hbox (badness 10000) detected at line 500
[][][]
 []


Underfull \hbox (badness 10000) detected at line 513
[][][]
 []

[30]
Underfull \hbox (badness 10000) detected at line 530
[][][]
 []


Underfull \hbox (badness 10000) detected at line 538
[][][]
 []


Underfull \hbox (badness 10000) detected at line 560
[][][]
 []

[31]
Underfull \hbox (badness 10000) detected at line 579
[][][]
 []


Underfull \hbox (badness 10000) detected at line 592
[][][]
 []


Underfull \hbox (badness 10000) detected at line 609
[][][]
 []


Underfull \hbox (badness 10000) detected at line 624
[][][]
 []


Underfull \hbox (badness 10000) detected at line 639
[][][]
 []

[32]
Underfull \hbox (badness 10000) detected at line 656
[][][]
 []


Underfull \hbox (badness 10000) detected at line 676
[][][]
 []

[33]
Underfull \hbox (badness 10000) detected at line 695
[][][]
 []


Underfull \hbox (badness 10000) detected at line 717
[][][]
 []


Underfull \hbox (badness 10000) detected at line 739
[][][]
 []

[34]
Underfull \hbox (badness 10000) detected at line 761
[][][]
 []


Underfull \hbox (badness 10000) detected at line 783
[][][]
 []

[35]
Underfull \hbox (badness 10000) detected at line 805
[][][]
 []


Underfull \hbox (badness 10000) detected at line 827
[][][]
 []


Underfull \hbox (badness 10000) detected at line 849
[][][]
 []

[36]
Underfull \hbox (badness 10000) detected at line 870
[][][]
 []


Underfull \hbox (badness 10000) detected at line 885
[][][]
 []

[37]
Underfull \hbox (badness 10000) in paragraph at lines 930--932

 []


Underfull \hbox (badness 10000) in paragraph at lines 962--963
[]\T1/phv/m/n/10 lib/ros2[]_[]ws/src/dalsa[]_[]bioscara[]_[]arm/bioscara[]_[]ar
m[]_[]hardware[]_[]driver/include/bioscara[]_[]arm[]_[]hardware[]_[]
 []

) (./classbioscara__hardware__interfaces_1_1BioscaraArmHardwareInterface.tex <.
/classbioscara__hardware__interfaces_1_1BioscaraArmHardwareInterface.pdf>
<classbioscara__hardware__interfaces_1_1BioscaraArmHardwareInterface.pdf, id=36
31, 501.875pt x 106.21683pt>
File: classbioscara__hardware__interfaces_1_1BioscaraArmHardwareInterface.pdf G
raphic file (type pdf)
<use classbioscara__hardware__interfaces_1_1BioscaraArmHardwareInterface.pdf>
Package pdftex.def Info: classbioscara__hardware__interfaces_1_1BioscaraArmHard
wareInterface.pdf  used on input line 15.
(pdftex.def)             Requested size: 268.87953pt x 56.9055pt.

Underfull \hbox (badness 6236) in paragraph at lines 28--29
[]\T1/phv/m/n/10 hardware[]_[]interface[]::[]Callback[]Return [] (const hardwar
e[]_[]interface[]::[]Hardware[]Component[]Interface[]
 []

[38]
LaTeX Font Info:    Font shape `T1/pcr/m/it' in size <9> not available
(Font)              Font shape `T1/pcr/m/sl' tried instead on input line 29.

Underfull \hbox (badness 1824) in paragraph at lines 57--58
[]\T1/phv/m/n/10 void [] (std[]::string in-ter-face, std[]::string &joint[]_[]n
ame, std[]::string
 []

[39]
Overfull \hbox (37.11298pt too wide) in paragraph at lines 74--75
[]\T1/phv/m/n/10 std[]::vector$\OML/cmm/m/it/10 <$ \T1/phv/m/n/10 std[]::pair$\
OML/cmm/m/it/10 <$ \T1/phv/m/n/10 std[]::string, hardware[]_[]interface[]::[]In
terface[]Description $\OMS/cmsy/m/n/10 ^^C$ $\OML/cmm/m/it/10 >$ $>$ [] 
 []

 <./hardware_interface_lifecycle.png>
<hardware_interface_lifecycle.png, id=3699, 9299.74374pt x 6087.74374pt>
File: hardware_interface_lifecycle.png Graphic file (type png)
<use hardware_interface_lifecycle.png>
Package pdftex.def Info: hardware_interface_lifecycle.png  used on input line 9
0.
(pdftex.def)             Requested size: 455.24411pt x 297.99551pt.

Underfull \hbox (badness 10000) in paragraph at lines 100--101
[] \T1/pcr/m/n/8 bioscara[]_[]hardware[]_[]interfaces[]::[]Bioscara[]Arm[]Hardw
are[]
 []

[40]
Underfull \hbox (badness 10000) detected at line 111
[][][]
 []


Underfull \hbox (badness 10000) in paragraph at lines 118--119
[] \T1/pcr/m/n/8 bioscara[]_[]hardware[]_[]interfaces[]::[]Bioscara[]Arm[]Hardw
are[]
 []


Underfull \hbox (badness 10000) detected at line 129
[][][]
 []

[41]
Underfull \hbox (badness 10000) detected at line 151
[][][]
 []


Underfull \hbox (badness 10000) detected at line 171
[][][]
 []


Underfull \hbox (badness 10000) detected at line 189
[][][]
 []

[42]
Underfull \hbox (badness 10000) detected at line 209
[][][]
 []

[43]
Underfull \hbox (badness 10000) detected at line 250
[][][]
 []


Overfull \vbox (8.39803pt too high) has occurred while \output is active []


[44]
Underfull \hbox (badness 10000) detected at line 294
[][][]
 []


Underfull \hbox (badness 10000) detected at line 316
[][][]
 []


Underfull \hbox (badness 10000) in paragraph at lines 323--324
\T1/pcr/m/n/8 hardware[]_[]interface[]::return[]_[]type bioscara[]_[]hardware[]
_[]interfaces[]::[]Bioscara[]Arm[]Hardware[]Interface[]
 []

[45]
Underfull \hbox (badness 10000) detected at line 349
[][][]
 []


Underfull \hbox (badness 10000) in paragraph at lines 356--357
\T1/pcr/m/n/8 hardware[]_[]interface[]::return[]_[]type bioscara[]_[]hardware[]
_[]interfaces[]::[]Bioscara[]Arm[]Hardware[]Interface[]
 []


Overfull \hbox (103.85518pt too wide) in paragraph at lines 375--376
[][]\T1/phv/m/n/10 ERROR[] Ac-ti-vat-ing \TS1/phv/m/n/10 '\T1/phv/m/n/10 po-si-
tion\TS1/phv/m/n/10 ' \T1/phv/m/n/10 or \TS1/phv/m/n/10 '\T1/phv/m/n/10 ve-loc-
ity\TS1/phv/m/n/10 ' \T1/phv/m/n/10 com-mand in-ter-face if the joint is not ho
med ([]
 []


Underfull \hbox (badness 849) in paragraph at lines 377--378
\T1/phv/m/n/10 and []) to avoid pri-or-ity in-ver-sion. There-fore the new com-
mand modes are first saved to a cache
 []


Overfull \hbox (36.48923pt too wide) in paragraph at lines 377--378
[]\T1/phv/m/n/10 . This will then be ap-plied to [] in the []
 []


Overfull \vbox (20.03902pt too high) has occurred while \output is active []


[46]
Underfull \hbox (badness 10000) detected at line 386
[][][]
 []


Underfull \hbox (badness 10000) in paragraph at lines 393--394
\T1/pcr/m/n/8 hardware[]_[]interface[]::return[]_[]type bioscara[]_[]hardware[]
_[]interfaces[]::[]Bioscara[]Arm[]Hardware[]Interface[]
 []


Overfull \hbox (107.8509pt too wide) in paragraph at lines 408--410
[]\T1/phv/m/n/10 If the the hom-ing of a joint has been ac-ti-vated through the
 com-mand in-ter-face ([]
 []


Overfull \hbox (47.33612pt too wide) in paragraph at lines 408--410
\T1/phv/m/n/10 == []) the de-vice sig-nals BUSY ([])
 []


Underfull \hbox (badness 10000) detected at line 420
[][][]
 []


Underfull \hbox (badness 10000) in paragraph at lines 427--428
\T1/pcr/m/n/8 void bioscara[]_[]hardware[]_[]interfaces[]::[]Bioscara[]Arm[]Har
dware[]Interface[]::split[]_[]interface[]_[]string[]_[]to[]_[]
 []

[47]
Underfull \hbox (badness 10000) in paragraph at lines 446--447
[] \T1/pcr/m/n/8 bioscara[]_[]hardware[]_[]interfaces[]::[]Bioscara[]Arm[]Hardw
are[]
 []


Underfull \hbox (badness 10000) detected at line 459
[][][]
 []


Underfull \hbox (badness 10000) in paragraph at lines 466--467
[] \T1/pcr/m/n/8 bioscara[]_[]hardware[]_[]interfaces[]::[]Bioscara[]Arm[]Hardw
are[]
 []


Underfull \hbox (badness 10000) detected at line 477
[][][]
 []


Underfull \hbox (badness 10000) in paragraph at lines 484--485
\T1/pcr/m/n/8 hardware[]_[]interface[]::return[]_[]type bioscara[]_[]hardware[]
_[]interfaces[]::[]Bioscara[]Arm[]Hardware[]Interface[]
 []

[48]
Overfull \hbox (55.61627pt too wide) in paragraph at lines 498--499
\T1/phv/m/n/10 ex-am-ple hom-ing ([] == []),
 []


Underfull \hbox (badness 10000) detected at line 508
[][][]
 []


Underfull \hbox (badness 10000) in paragraph at lines 518--519
\T1/pcr/m/n/8 std[]::unordered[]_[]map$\OML/cmm/m/it/8 <$\T1/pcr/m/n/8 std[]::s
tring, []$\OML/cmm/m/it/8 >$ \T1/pcr/m/n/8 bioscara[]_[]hardware[]_[]interfaces
[]::[]Bioscara[]Arm[]
 []


Underfull \hbox (badness 10000) in paragraph at lines 528--529
\T1/pcr/m/n/8 std[]::unordered[]_[]map$\OML/cmm/m/it/8 <$\T1/pcr/m/n/8 std[]::s
tring, std[]::set$\OML/cmm/m/it/8 <$\T1/pcr/m/n/8 std[]::string$\OML/cmm/m/it/8
 >$ $>$ \T1/pcr/m/n/8 bioscara[]_[]hardware[]_[]interfaces[]::[]
 []

[49]
Overfull \hbox (21.7825pt too wide) in paragraph at lines 540--541
\T1/pcr/m/n/8 std[]::unordered[]_[]map$\OML/cmm/m/it/8 <$\T1/pcr/m/n/8 std[]::s
tring, std[]::unique[]_[]ptr$\OML/cmm/m/it/8 <$[]$>$ $>$ \T1/pcr/m/n/8 bioscara
[]
 []


Underfull \hbox (badness 10000) in paragraph at lines 552--553
\T1/pcr/m/n/8 std[]::unordered[]_[]map$\OML/cmm/m/it/8 <$\T1/pcr/m/n/8 std[]::s
tring, std[]::set$\OML/cmm/m/it/8 <$\T1/pcr/m/n/8 std[]::string$\OML/cmm/m/it/8
 >$ $>$ \T1/pcr/m/n/8 bioscara[]_[]hardware[]_[]interfaces[]::[]
 []


Underfull \hbox (badness 10000) in paragraph at lines 562--563
\T1/pcr/m/n/8 std[]::vector$\OML/cmm/m/it/8 <$\T1/pcr/m/n/8 std[]::pair$\OML/cm
m/m/it/8 <$\T1/pcr/m/n/8 std[]::string, hardware[]_[]interface[]::[]Interface[]
Description $\OMS/cmsy/m/n/8 ^^C$$\OML/cmm/m/it/8 >$ $>$ \T1/pcr/m/n/8 bioscara
[]_[]
 []

[50]
Underfull \hbox (badness 10000) in paragraph at lines 595--596
[]\T1/phv/m/n/10 lib/ros2[]_[]ws/src/dalsa[]_[]bioscara[]_[]arm/bioscara[]_[]ar
m[]_[]hardware[]_[]interface/include/bioscara[]_[]arm[]_[]hardware[]_[]
 []

)
(./classbioscara__hardware__interfaces_1_1BioscaraGripperHardwareInterface.tex 
<./classbioscara__hardware__interfaces_1_1BioscaraGripperHardwareInterface.pdf>
<classbioscara__hardware__interfaces_1_1BioscaraGripperHardwareInterface.pdf, i
d=3853, 501.875pt x 100.87688pt>
File: classbioscara__hardware__interfaces_1_1BioscaraGripperHardwareInterface.p
df Graphic file (type pdf)
<use classbioscara__hardware__interfaces_1_1BioscaraGripperHardwareInterface.pd
f>
Package pdftex.def Info: classbioscara__hardware__interfaces_1_1BioscaraGripper
HardwareInterface.pdf  used on input line 15.
(pdftex.def)             Requested size: 283.11574pt x 56.9055pt.

Underfull \hbox (badness 6236) in paragraph at lines 26--28
[]\T1/phv/m/n/10 hardware[]_[]interface[]::[]Callback[]Return [] (const hardwar
e[]_[]interface[]::[]Hardware[]Component[]Interface[]
 []

[51]
Underfull \hbox (badness 10000) in paragraph at lines 67--68
\T1/pcr/m/n/8 hardware[]_[]interface[]::[]Callback[]Return bioscara[]_[]hardwar
e[]_[]interfaces[]::[]Bioscara[]Gripper[]Hardware[]
 []

[52]
Underfull \hbox (badness 10000) detected at line 80
[][][]
 []


Underfull \hbox (badness 10000) in paragraph at lines 87--88
\T1/pcr/m/n/8 hardware[]_[]interface[]::[]Callback[]Return bioscara[]_[]hardwar
e[]_[]interfaces[]::[]Bioscara[]Gripper[]Hardware[]
 []


Underfull \hbox (badness 10000) detected at line 98
[][][]
 []


Underfull \hbox (badness 10000) in paragraph at lines 105--106
\T1/pcr/m/n/8 hardware[]_[]interface[]::[]Callback[]Return bioscara[]_[]hardwar
e[]_[]interfaces[]::[]Bioscara[]Gripper[]Hardware[]
 []


Underfull \hbox (badness 10000) detected at line 116
[][][]
 []


Underfull \hbox (badness 10000) in paragraph at lines 123--124
\T1/pcr/m/n/8 hardware[]_[]interface[]::[]Callback[]Return bioscara[]_[]hardwar
e[]_[]interfaces[]::[]Bioscara[]Gripper[]Hardware[]
 []

[53]
Underfull \hbox (badness 10000) detected at line 136
[][][]
 []


Underfull \hbox (badness 10000) in paragraph at lines 143--144
\T1/pcr/m/n/8 hardware[]_[]interface[]::[]Callback[]Return bioscara[]_[]hardwar
e[]_[]interfaces[]::[]Bioscara[]Gripper[]Hardware[]
 []


Underfull \hbox (badness 10000) detected at line 175
[][][]
 []


Underfull \hbox (badness 10000) in paragraph at lines 182--183
\T1/pcr/m/n/8 hardware[]_[]interface[]::[]Callback[]Return bioscara[]_[]hardwar
e[]_[]interfaces[]::[]Bioscara[]Gripper[]Hardware[]
 []

[54]
Underfull \hbox (badness 10000) in paragraph at lines 188--189
\T1/pcr/m/n/8 hardware[]_[]interface[]::[]Callback[]Return bioscara[]_[]hardwar
e[]_[]interfaces[]::[]Bioscara[]Gripper[]Hardware[]
 []


Underfull \hbox (badness 10000) detected at line 199
[][][]
 []


Underfull \hbox (badness 10000) detected at line 221
[][][]
 []

[55]
Underfull \hbox (badness 10000) detected at line 243
[][][]
 []


Underfull \hbox (badness 10000) in paragraph at lines 263--264
[] \T1/pcr/m/n/8 bioscara[]_[]hardware[]_[]interfaces[]::[]Bioscara[]Gripper[]H
ardware[]Interface[]::[]_[]gripper[]_[]cfg
 []


Underfull \hbox (badness 10000) in paragraph at lines 279--280
\T1/pcr/m/n/8 float bioscara[]_[]hardware[]_[]interfaces[]::[]Bioscara[]Gripper
[]Hardware[]Interface[]::[]_[]vel = std[]::numeric[]_[]
 []


Underfull \hbox (badness 10000) in paragraph at lines 285--286
[]\T1/phv/m/n/10 lib/ros2[]_[]ws/src/dalsa[]_[]bioscara[]_[]grippers/bioscara[]
_[]gripper[]_[]hardware[]_[]interface/include/bioscara[]_[]gripper[]_[]
 []

) (./classbioscara__rviz__plugin_1_1BioscaraPanel.tex <./classbioscara__rviz__p
lugin_1_1BioscaraPanel.pdf>
<classbioscara__rviz__plugin_1_1BioscaraPanel.pdf, id=3938, 501.875pt x 177.653
72pt>
File: classbioscara__rviz__plugin_1_1BioscaraPanel.pdf Graphic file (type pdf)
<use classbioscara__rviz__plugin_1_1BioscaraPanel.pdf>
Package pdftex.def Info: classbioscara__rviz__plugin_1_1BioscaraPanel.pdf  used
 on input line 15.
(pdftex.def)             Requested size: 160.75644pt x 56.9055pt.
 [56] [57] [58] [59]
Underfull \hbox (badness 10000) detected at line 173
[][][]
 []


Underfull \hbox (badness 2080) in paragraph at lines 188--189
[]\T1/phv/m/n/10 Updates the [] and [] state maps. Re-ac-ti-vates the Joint Sta
te Broad-
 []


Underfull \hbox (badness 866) in paragraph at lines 188--189
\T1/phv/m/n/10 caster if it has be-come in-ac-tive. Up-dates con-troller and ha
rd-ware state la-bels and but-tons by in-vok-ing
 []

[60] [61] [62] [63] [64]
Underfull \hbox (badness 10000) in paragraph at lines 492--493
|  \T1/pcr/m/n/8 const builtin[]_[]interfaces[]::msg[]::[]Duration \T1/pcr/m/sl
/8 timeout = builtin[]_[]interfaces[]:[]:msg[]:[]
 []

[65]
Underfull \hbox (badness 10000) detected at line 526
[][][]
 []

[66]
Underfull \hbox (badness 10000) in paragraph at lines 589--590
\T1/pcr/m/n/8 rclcpp[]::[]Subscription$\OML/cmm/m/it/8 <$\T1/pcr/m/n/8 Controll
er[]Manager[]Activity$\OML/cmm/m/it/8 >$[]\T1/pcr/m/n/8 ::[]Shared[]Ptr bioscar
a[]_[]rviz[]_[]plugin[]::[]Bioscara[]
 []


Underfull \hbox (badness 10000) in paragraph at lines 609--610
\T1/pcr/m/n/8 std[]::unordered[]_[]map$\OML/cmm/m/it/8 <$\T1/pcr/m/n/8 std[]::s
tring, Named[]Lifecycle[]State$\OML/cmm/m/it/8 >$ \T1/pcr/m/n/8 bioscara[]_[]rv
iz[]_[]plugin[]::[]Bioscara[]Panel[]
 []


Underfull \hbox (badness 10000) in paragraph at lines 619--620
\T1/pcr/m/n/8 rclcpp[]::[]Client$\OML/cmm/m/it/8 <$\T1/pcr/m/n/8 Set[]Hardware[
]Component[]State$\OML/cmm/m/it/8 >$[]\T1/pcr/m/n/8 ::[]Shared[]Ptr bioscara[]_
[]rviz[]_[]plugin[]::[]Bioscara[]Panel[]
 []

[67]
Underfull \hbox (badness 10000) in paragraph at lines 629--630
\T1/pcr/m/n/8 std[]::unordered[]_[]map$\OML/cmm/m/it/8 <$\T1/pcr/m/n/8 std[]::s
tring, Named[]Lifecycle[]State$\OML/cmm/m/it/8 >$ \T1/pcr/m/n/8 bioscara[]_[]rv
iz[]_[]plugin[]::[]Bioscara[]Panel[]
 []


Underfull \hbox (badness 10000) in paragraph at lines 639--640
\T1/pcr/m/n/8 rclcpp[]::[]Publisher$\OML/cmm/m/it/8 <$\T1/pcr/m/n/8 Dynamic[]In
terface[]Group[]Values$\OML/cmm/m/it/8 >$[]\T1/pcr/m/n/8 ::[]Shared[]Ptr biosca
ra[]_[]rviz[]_[]plugin[]::[]Bioscara[]
 []


Underfull \hbox (badness 10000) in paragraph at lines 659--660
\T1/pcr/m/n/8 std[]::unordered[]_[]map$\OML/cmm/m/it/8 <$\T1/pcr/m/n/8 std[]::s
tring, Interface[]Value$\OML/cmm/m/it/8 >$ \T1/pcr/m/n/8 bioscara[]_[]rviz[]_[]
plugin[]::[]Bioscara[]Panel[]::joint[]_[]
 []


Underfull \hbox (badness 10000) in paragraph at lines 689--690
\T1/pcr/m/n/8 rclcpp[]::[]Client$\OML/cmm/m/it/8 <$\T1/pcr/m/n/8 Switch[]Contro
ller$\OML/cmm/m/it/8 >$[]\T1/pcr/m/n/8 ::[]Shared[]Ptr bioscara[]_[]rviz[]_[]pl
ugin[]::[]Bioscara[]Panel[]::switch[]_[]
 []

[68]) (./classbioscara__hardware__drivers_1_1Gripper.tex <./classbioscara__hard
ware__drivers_1_1Gripper.pdf>
<classbioscara__hardware__drivers_1_1Gripper.pdf, id=4130, 501.875pt x 158.0705
4pt>
File: classbioscara__hardware__drivers_1_1Gripper.pdf Graphic file (type pdf)
<use classbioscara__hardware__drivers_1_1Gripper.pdf>
Package pdftex.def Info: classbioscara__hardware__drivers_1_1Gripper.pdf  used 
on input line 15.
(pdftex.def)             Requested size: 180.67485pt x 56.9055pt.
 [69] [70]
Underfull \hbox (badness 10000) detected at line 115
[][][]
 []

[71]
Underfull \hbox (badness 10000) detected at line 134
[][][]
 []


Underfull \hbox (badness 4072) in paragraph at lines 151--152
[]\T1/phv/m/n/10 Invokes [], trans-forms the de-sired grip-per width to a servo
 an-gle us-ing the
 []


Underfull \hbox (badness 10000) detected at line 156
[][][]
 []

[72]
Underfull \hbox (badness 10000) detected at line 178
[][][]
 []


Underfull \hbox (badness 10000) in paragraph at lines 208--209
[]\T1/phv/m/n/10 lib/ros2[]_[]ws/src/dalsa[]_[]bioscara[]_[]grippers/bioscara[]
_[]gripper[]_[]hardware[]_[]driver/include/bioscara[]_[]gripper[]_[]
 []

)
(./structbioscara__hardware__interfaces_1_1BioscaraGripperHardwareInterface_1_1
gripper__config__t.tex
Underfull \hbox (badness 10000) in paragraph at lines 33--34
\T1/pcr/m/n/8 float bioscara[]_[]hardware[]_[]interfaces[]::[]Bioscara[]Gripper
[]Hardware[]Interface[]::gripper[]_[]config[]_[]t[]::init[]
 []


Underfull \hbox (badness 10000) in paragraph at lines 51--52
\T1/pcr/m/n/8 float bioscara[]_[]hardware[]_[]interfaces[]::[]Bioscara[]Gripper
[]Hardware[]Interface[]::gripper[]_[]config[]_[]t[]::offset
 []

[73]
Underfull \hbox (badness 10000) in paragraph at lines 63--63
[]\T1/phv/m/n/10 lib/ros2[]_[]ws/src/dalsa[]_[]bioscara[]_[]grippers/bioscara[]
_[]gripper[]_[]hardware[]_[]interface/include/bioscara[]_[]gripper[]_[]
 []

) (./classbioscara__hardware__drivers_1_1Joint.tex <./classbioscara__hardware__
drivers_1_1Joint.pdf>
<classbioscara__hardware__drivers_1_1Joint.pdf, id=4253, 501.875pt x 168.70027p
t>
File: classbioscara__hardware__drivers_1_1Joint.pdf Graphic file (type pdf)
<use classbioscara__hardware__drivers_1_1Joint.pdf>
Package pdftex.def Info: classbioscara__hardware__drivers_1_1Joint.pdf  used on
 input line 15.
(pdftex.def)             Requested size: 169.28743pt x 56.9055pt.
 [74] [75] [76] [77]
Underfull \hbox (badness 10000) in paragraph at lines 203--204

 []

[78]
Underfull \hbox (badness 10000) detected at line 266
[][][]
 []


Underfull \hbox (badness 10000) detected at line 285
[][][]
 []


Underfull \hbox (badness 10000) detected at line 298
[][][]
 []

[79]
Underfull \hbox (badness 10000) detected at line 306
[][][]
 []


Underfull \hbox (badness 10000) detected at line 325
[][][]
 []


Overfull \vbox (15.54193pt too high) has occurred while \output is active []


[80]
Underfull \hbox (badness 10000) detected at line 361
[][][]
 []


Underfull \hbox (badness 10000) detected at line 378
[][][]
 []


Underfull \hbox (badness 10000) detected at line 386
[][][]
 []


Underfull \hbox (badness 10000) detected at line 403
[][][]
 []


Underfull \hbox (badness 10000) detected at line 422
[][][]
 []

[81]
Underfull \hbox (badness 10000) detected at line 435
[][][]
 []


Underfull \hbox (badness 10000) detected at line 443
[][][]
 []


Underfull \hbox (badness 10000) detected at line 465
[][][]
 []


Underfull \hbox (badness 10000) detected at line 484
[][][]
 []

[82]
Underfull \hbox (badness 10000) detected at line 508
[][][]
 []


Underfull \hbox (badness 10000) detected at line 527
[][][]
 []

[83]
Underfull \hbox (badness 10000) detected at line 561
[][][]
 []


Underfull \hbox (badness 10000) detected at line 579
[][][]
 []


Underfull \hbox (badness 10000) detected at line 601
[][][]
 []

[84] [85]
Underfull \hbox (badness 10000) detected at line 623
[][][]
 []


Underfull \hbox (badness 10000) detected at line 642
[][][]
 []


Underfull \hbox (badness 10000) detected at line 660
[][][]
 []

[86]
Underfull \hbox (badness 10000) detected at line 682
[][][]
 []


Underfull \hbox (badness 10000) detected at line 704
[][][]
 []


Underfull \hbox (badness 10000) detected at line 726
[][][]
 []

[87]
Underfull \hbox (badness 10000) detected at line 745
[][][]
 []


Underfull \hbox (badness 10000) detected at line 779
[][][]
 []

[88]
Underfull \hbox (badness 10000) in paragraph at lines 849--850
[]\T1/phv/m/n/10 lib/ros2[]_[]ws/src/dalsa[]_[]bioscara[]_[]arm/bioscara[]_[]ar
m[]_[]hardware[]_[]driver/include/bioscara[]_[]arm[]_[]hardware[]_[]
 []


Underfull \hbox (badness 10000) in paragraph at lines 850--851
[]\T1/phv/m/n/10 lib/ros2[]_[]ws/src/dalsa[]_[]bioscara[]_[]arm/bioscara[]_[]ar
m[]_[]hardware[]_[]driver/include/bioscara[]_[]arm[]_[]hardware[]_[]
 []

)
(./structbioscara__hardware__interfaces_1_1BioscaraArmHardwareInterface_1_1join
t__config__t.tex [89]
Underfull \hbox (badness 10000) in paragraph at lines 43--44
\T1/pcr/m/n/8 u[]_[]int8[]_[]t bioscara[]_[]hardware[]_[]interfaces[]::[]Biosca
ra[]Arm[]Hardware[]Interface[]::joint[]_[]config[]_[]t[]::drive[]_[]
 []


Underfull \hbox (badness 10000) in paragraph at lines 53--54
\T1/pcr/m/n/8 u[]_[]int8[]_[]t bioscara[]_[]hardware[]_[]interfaces[]::[]Biosca
ra[]Arm[]Hardware[]Interface[]::joint[]_[]config[]_[]t[]::hold[]_[]
 []


Underfull \hbox (badness 10000) in paragraph at lines 63--64
[] \T1/pcr/m/n/8 bioscara[]_[]hardware[]_[]interfaces[]::[]Bioscara[]Arm[]Hardw
are[]Interface[]::joint[]_[]
 []

[90]
Overfull \hbox (15.15619pt too wide) in paragraph at lines 97--98
\T1/pcr/m/n/8 float bioscara[]_[]hardware[]_[]interfaces[]::[]Bioscara[]Arm[]Ha
rdware[]Interface[]::joint[]_[]config[]_[]t[]::max[]_[]acceleration 
 []


Underfull \hbox (badness 1803) in paragraph at lines 103--103
[]\T1/phv/m/n/10 In rad/s$[]$2 or m/s$[]$2 for cylin-dri-cal and pris-matic joi
nts re-spec-tively. Set when joint is en-abled, see
 []


Underfull \hbox (badness 10000) detected at line 103
[][][]
 []


Overfull \hbox (130.12471pt too wide) in paragraph at lines 116--116
[]\T1/phv/m/n/10 In rad/s or m/s for cylin-dri-cal and pris-matic joints re-spe
c-tively. Set when joint is en-abled, see []. 
 []


Underfull \hbox (badness 10000) detected at line 116
[][][]
 []

[91]
Underfull \hbox (badness 10000) in paragraph at lines 137--138
\T1/pcr/m/n/8 float bioscara[]_[]hardware[]_[]interfaces[]::[]Bioscara[]Arm[]Ha
rdware[]Interface[]::joint[]_[]config[]_[]t[]::reduction =
 []


Underfull \hbox (badness 10000) in paragraph at lines 151--152
\T1/pcr/m/n/8 u[]_[]int8[]_[]t bioscara[]_[]hardware[]_[]interfaces[]::[]Biosca
ra[]Arm[]Hardware[]Interface[]::joint[]_[]config[]_[]t[]::stall[]_[]
 []


Underfull \hbox (badness 10000) in paragraph at lines 161--161
[]\T1/phv/m/n/10 lib/ros2[]_[]ws/src/dalsa[]_[]bioscara[]_[]arm/bioscara[]_[]ar
m[]_[]hardware[]_[]interface/include/bioscara[]_[]arm[]_[]hardware[]_[]
 []

)
(./structbioscara__hardware__interfaces_1_1BioscaraArmHardwareInterface_1_1join
t__homing__config__t.tex [92]
Overfull \hbox (108.63144pt too wide) in paragraph at lines 24--25
[]\T1/phv/m/n/10 Saving all pa-ram-e-ters on ini-tial-iza-tion in a struc-ture 
al-lows for quick ac-cess dur-ing run-time. See []
 []


Underfull \hbox (badness 10000) in paragraph at lines 31--32
\T1/pcr/m/n/8 float bioscara[]_[]hardware[]_[]interfaces[]::[]Bioscara[]Arm[]Ha
rdware[]Interface[]::joint[]_[]homing[]_[]config[]_[]t[]
 []


Underfull \hbox (badness 10000) in paragraph at lines 41--42
\T1/pcr/m/n/8 u[]_[]int8[]_[]t bioscara[]_[]hardware[]_[]interfaces[]::[]Biosca
ra[]Arm[]Hardware[]Interface[]::joint[]_[]homing[]_[]config[]_[]t[]
 []


Underfull \hbox (badness 10000) in paragraph at lines 61--62
\T1/pcr/m/n/8 u[]_[]int8[]_[]t bioscara[]_[]hardware[]_[]interfaces[]::[]Biosca
ra[]Arm[]Hardware[]Interface[]::joint[]_[]homing[]_[]config[]_[]t[]
 []


Underfull \hbox (badness 10000) in paragraph at lines 71--71
[]\T1/phv/m/n/10 lib/ros2[]_[]ws/src/dalsa[]_[]bioscara[]_[]arm/bioscara[]_[]ar
m[]_[]hardware[]_[]interface/include/bioscara[]_[]arm[]_[]hardware[]_[]
 []

) (./classLowpass.tex

Package fancyhdr Warning: \headheight is too small (12.0pt): 
(fancyhdr)                Make it at least 22.16548pt, for example:
(fancyhdr)                \setlength{\headheight}{22.16548pt}.
(fancyhdr)                You might also make \topmargin smaller to compensate:

(fancyhdr)                \addtolength{\topmargin}{-10.16548pt}.

[93]
Overfull \vbox (5.27267pt too high) has occurred while \output is active []


[94]) (./classbioscara__hardware__drivers_1_1MockGripper.tex <./classbioscara__
hardware__drivers_1_1MockGripper.pdf>
<classbioscara__hardware__drivers_1_1MockGripper.pdf, id=4676, 501.875pt x 156.
22365pt>
File: classbioscara__hardware__drivers_1_1MockGripper.pdf Graphic file (type pd
f)
<use classbioscara__hardware__drivers_1_1MockGripper.pdf>
Package pdftex.def Info: classbioscara__hardware__drivers_1_1MockGripper.pdf  u
sed on input line 15.
(pdftex.def)             Requested size: 182.81143pt x 56.9055pt.
 [95] [96]
Underfull \hbox (badness 10000) in paragraph at lines 93--94
[]\T1/phv/m/n/10 lib/ros2[]_[]ws/src/dalsa[]_[]bioscara[]_[]grippers/bioscara[]
_[]gripper[]_[]hardware[]_[]driver/include/bioscara[]_[]gripper[]_[]
 []

) (./classbioscara__hardware__drivers_1_1MockJoint.tex <./classbioscara__hardwa
re__drivers_1_1MockJoint.pdf>
<classbioscara__hardware__drivers_1_1MockJoint.pdf, id=4738, 501.875pt x 166.60
242pt>
File: classbioscara__hardware__drivers_1_1MockJoint.pdf Graphic file (type pdf)

<use classbioscara__hardware__drivers_1_1MockJoint.pdf>
Package pdftex.def Info: classbioscara__hardware__drivers_1_1MockJoint.pdf  use
d on input line 15.
(pdftex.def)             Requested size: 171.41635pt x 56.9055pt.
 [97] [98] [99]
Underfull \hbox (badness 10000) detected at line 181
[][][]
 []

[100]
Underfull \hbox (badness 10000) detected at line 215
[][][]
 []


Underfull \hbox (badness 10000) detected at line 232
[][][]
 []


Underfull \hbox (badness 10000) detected at line 240
[][][]
 []

[101]
Underfull \hbox (badness 10000) detected at line 257
[][][]
 []


Underfull \hbox (badness 10000) detected at line 283
[][][]
 []

[102]
Underfull \hbox (badness 10000) detected at line 307
[][][]
 []


Underfull \hbox (badness 10000) detected at line 320
[][][]
 []


Underfull \hbox (badness 10000) detected at line 337
[][][]
 []


Underfull \hbox (badness 10000) detected at line 345
[][][]
 []

[103]
Underfull \hbox (badness 10000) detected at line 367
[][][]
 []


Underfull \hbox (badness 10000) detected at line 386
[][][]
 []


Underfull \hbox (badness 10000) detected at line 408
[][][]
 []

[104]
Underfull \hbox (badness 10000) detected at line 430
[][][]
 []


Underfull \hbox (badness 10000) detected at line 449
[][][]
 []


Underfull \hbox (badness 10000) in paragraph at lines 463--464
\T1/pcr/m/n/8 std[]::chrono[]::[]_[][]V2[]::system[]_[]clock[]::time[]_[]point 
bioscara[]_[]hardware[]_[]drivers[]::[]Mock[]Joint[]::async[]_[]start[]
 []


Underfull \hbox (badness 10000) in paragraph at lines 469--470
\T1/pcr/m/n/8 std[]::chrono[]::[]_[][]V2[]::system[]_[]clock[]::time[]_[]point 
bioscara[]_[]hardware[]_[]drivers[]::[]Mock[]Joint[]::last[]_[]set[]_[]
 []


Underfull \hbox (badness 10000) in paragraph at lines 475--476
\T1/pcr/m/n/8 std[]::chrono[]::[]_[][]V2[]::system[]_[]clock[]::time[]_[]point 
bioscara[]_[]hardware[]_[]drivers[]::[]Mock[]Joint[]::last[]_[]set[]_[]
 []


Underfull \hbox (badness 10000) in paragraph at lines 507--508
[]\T1/phv/m/n/10 lib/ros2[]_[]ws/src/dalsa[]_[]bioscara[]_[]arm/bioscara[]_[]ar
m[]_[]hardware[]_[]driver/include/bioscara[]_[]arm[]_[]hardware[]_[]
 []

[105]) (./classMovMax.tex [106]) (./classRPI__PWM.tex [107] [108]
Underfull \hbox (badness 10000) detected at line 95
[][][]
 []


Underfull \hbox (badness 10000) detected at line 131
[][][]
 []

[109]
Underfull \hbox (badness 10000) in paragraph at lines 175--175
[]\T1/phv/m/n/10 lib/ros2[]_[]ws/src/dalsa[]_[]bioscara[]_[]grippers/bioscara[]
_[]gripper[]_[]hardware[]_[]driver/include/bioscara[]_[]gripper[]_[]
 []

) (./classTrajectorySequence.tex [110] [111] [112]
Underfull \hbox (badness 10000) in paragraph at lines 162--163
\T1/pcr/m/n/8 rclcpp[]_[]action[]::[]Client$\OML/cmm/m/it/8 <$[]$>$[]\T1/pcr/m/
n/8 ::[]Shared[]Ptr Trajectory[]Sequence[]::seq[]_[]action[]_[]client[]_[]
 []

) [113] [114

]
Chapter 9.
(./index_8md.tex) (./configuration_8h.tex
Underfull \hbox (badness 10000) detected at line 22
[][][]
 []


Underfull \hbox (badness 10000) detected at line 25
[][][]
 []


Underfull \hbox (badness 10000) detected at line 28
[][][]
 []


Underfull \hbox (badness 10000) detected at line 31
[][][]
 []

[115]) (./configuration_8h_source.tex) (./filters_8h.tex [116]
Underfull \hbox (badness 10000) in paragraph at lines 8--9

 []


Underfull \hbox (badness 10000) detected at line 21
[][][]
 []


Underfull \hbox (badness 10000) detected at line 24
[][][]
 []


Underfull \hbox (badness 10000) detected at line 27
[][][]
 []


Underfull \hbox (badness 10000) detected at line 30
[][][]
 []

) (./filters_8h_source.tex [117]) (./joint_8h.tex
Underfull \hbox (badness 10000) in paragraph at lines 8--9

 []

[118]
Overfull \hbox (41.23618pt too wide) in paragraph at lines 25--65
[] \T1/phv/m/n/10 = 0x24 , [] = 0x25 , [] = 0x26 , []
 []


Underfull \hbox (badness 10000) detected at line 78
[][][]
 []


Underfull \hbox (badness 10000) detected at line 81
[][][]
 []


Underfull \hbox (badness 10000) detected at line 84
[][][]
 []


Underfull \hbox (badness 10000) detected at line 87
[][][]
 []

LaTeX Font Info:    Trying to load font information for TS1+pcr on input line 9
7.
(/usr/share/texlive/texmf-dist/tex/latex/psnfss/ts1pcr.fd
File: ts1pcr.fd 2001/06/04 font definitions for TS1/pcr.
) [119] [120] [121]
Underfull \hbox (badness 10000) detected at line 337
[][][]
 []

) (./joint_8h_source.tex [122]) (./joint_8ino.tex
Underfull \hbox (badness 10000) in paragraph at lines 8--14

 []

[123]
Underfull \hbox (badness 10000) detected at line 60
[][][]
 []


Underfull \hbox (badness 10000) detected at line 63
[][][]
 []


Underfull \hbox (badness 10000) detected at line 66
[][][]
 []


Underfull \hbox (badness 10000) detected at line 69
[][][]
 []

[124]
Underfull \hbox (badness 10000) detected at line 98
[][][]
 []


Underfull \hbox (badness 10000) in paragraph at lines 116--117

 []


Underfull \hbox (badness 10000) in paragraph at lines 119--120

 []


Underfull \hbox (badness 10000) in paragraph at lines 121--122

 []

[125] [126]) (./stall_8h.tex [127]
Underfull \hbox (badness 10000) in paragraph at lines 8--9

 []


Underfull \hbox (badness 10000) detected at line 19
[][][]
 []


Underfull \hbox (badness 10000) detected at line 22
[][][]
 []


Underfull \hbox (badness 10000) detected at line 25
[][][]
 []


Underfull \hbox (badness 10000) detected at line 28
[][][]
 []

[128]) (./stall_8h_source.tex) (./bioscara__panel_8hpp.tex
Underfull \hbox (badness 10000) in paragraph at lines 3--17

 []

) (./bioscara__panel_8hpp_source.tex [129] [130]) (./bioscara__panel_8cpp.tex
Underfull \hbox (badness 10000) in paragraph at lines 3--8

 []

) (./common_8h.tex [131]
Underfull \hbox (badness 10000) detected at line 18
[][][]
 []


Underfull \hbox (badness 10000) detected at line 21
[][][]
 []


Underfull \hbox (badness 10000) detected at line 24
[][][]
 []


Underfull \hbox (badness 10000) detected at line 27
[][][]
 []

[132]) (./common_8h_source.tex) (./mBaseJoint_8h.tex
Underfull \hbox (badness 10000) in paragraph at lines 8--10

 []


Underfull \hbox (badness 10000) detected at line 25
[][][]
 []


Underfull \hbox (badness 10000) detected at line 28
[][][]
 []


Underfull \hbox (badness 10000) detected at line 31
[][][]
 []

[133]
Underfull \hbox (badness 10000) detected at line 34
[][][]
 []

) (./mBaseJoint_8h_source.tex [134]) (./mJoint_8h.tex [135]
Underfull \hbox (badness 10000) in paragraph at lines 8--12

 []


Underfull \hbox (badness 10000) detected at line 27
[][][]
 []


Underfull \hbox (badness 10000) detected at line 30
[][][]
 []


Underfull \hbox (badness 10000) detected at line 33
[][][]
 []


Underfull \hbox (badness 10000) detected at line 36
[][][]
 []

) (./mJoint_8h_source.tex [136] [137]) (./mJoint_8hpp.tex
Underfull \hbox (badness 10000) in paragraph at lines 8--11

 []


Underfull \hbox (badness 10000) detected at line 21
[][][]
 []


Underfull \hbox (badness 10000) detected at line 24
[][][]
 []


Underfull \hbox (badness 10000) detected at line 27
[][][]
 []


Underfull \hbox (badness 10000) detected at line 30
[][][]
 []

) (./mJoint_8hpp_source.tex [138]) (./mMockJoint_8h.tex
Underfull \hbox (badness 10000) in paragraph at lines 8--11

 []


Underfull \hbox (badness 10000) detected at line 26
[][][]
 []

[139]
Underfull \hbox (badness 10000) detected at line 29
[][][]
 []


Underfull \hbox (badness 10000) detected at line 32
[][][]
 []


Underfull \hbox (badness 10000) detected at line 35
[][][]
 []

) (./mMockJoint_8h_source.tex) (./uErr_8h.tex [140]
Underfull \hbox (badness 10000) in paragraph at lines 8--9

 []


Overfull \hbox (55.89496pt too wide) in paragraph at lines 26--39
[] \T1/phv/m/n/10 = 0 , [] = -1 , []
 []


Overfull \hbox (101.82118pt too wide) in paragraph at lines 26--39
[] \T1/phv/m/n/10 = -4 , [] = -5 , []
 []


Underfull \hbox (badness 10000) detected at line 50
[][][]
 []


Underfull \hbox (badness 10000) detected at line 53
[][][]
 []


Underfull \hbox (badness 10000) detected at line 56
[][][]
 []


Underfull \hbox (badness 10000) detected at line 59
[][][]
 []


Package fancyhdr Warning: \headheight is too small (12.0pt): 
(fancyhdr)                Make it at least 22.16548pt, for example:
(fancyhdr)                \setlength{\headheight}{22.16548pt}.
(fancyhdr)                You might also make \topmargin smaller to compensate:

(fancyhdr)                \addtolength{\topmargin}{-10.16548pt}.

[141] [142]) (./uErr_8h_source.tex) (./uI2C_8h.tex [143]
Underfull \hbox (badness 10000) in paragraph at lines 8--14

 []


Underfull \hbox (badness 900) in paragraph at lines 32--33
[]\T1/phv/m/n/10 int [] (const int dev[]_[]handle, const int [], char $\OMS/cms
y/m/n/10 ^^C$\T1/phv/m/n/10 tx[]_[]buffer, const int data[]_[]length, char
 []


Underfull \hbox (badness 10000) detected at line 41
[][][]
 []


Underfull \hbox (badness 10000) detected at line 44
[][][]
 []


Underfull \hbox (badness 10000) detected at line 47
[][][]
 []


Underfull \hbox (badness 10000) detected at line 50
[][][]
 []

[144]

Package fancyhdr Warning: \headheight is too small (12.0pt): 
(fancyhdr)                Make it at least 22.16548pt, for example:
(fancyhdr)                \setlength{\headheight}{22.16548pt}.
(fancyhdr)                You might also make \topmargin smaller to compensate:

(fancyhdr)                \addtolength{\topmargin}{-10.16548pt}.

[145]
Underfull \hbox (badness 10000) detected at line 121
[][][]
 []


Underfull \hbox (badness 10000) detected at line 139
[][][]
 []


Underfull \hbox (badness 10000) detected at line 163
[][][]
 []

[146]
Underfull \hbox (badness 10000) detected at line 189
[][][]
 []

) (./uI2C_8h_source.tex) (./uTransmission_8h.tex [147])
(./uTransmission_8h_source.tex [148]) (./joint__comm__node_8cpp.tex
Underfull \hbox (badness 10000) in paragraph at lines 3--8

 []

[149]) (./mBaseJoint_8cpp.tex
Underfull \hbox (badness 10000) in paragraph at lines 3--5

 []

[150]) (./mJoint_8cpp.tex
Underfull \hbox (badness 10000) in paragraph at lines 3--6

 []

) (./mMockJoint_8cpp.tex
Underfull \hbox (badness 10000) in paragraph at lines 3--5

 []

) (./uErr_8cpp.tex
Underfull \hbox (badness 10000) in paragraph at lines 3--4

 []

) (./uI2C_8cpp.tex
Underfull \hbox (badness 10000) in paragraph at lines 3--6

 []


Package fancyhdr Warning: \headheight is too small (12.0pt): 
(fancyhdr)                Make it at least 22.16548pt, for example:
(fancyhdr)                \setlength{\headheight}{22.16548pt}.
(fancyhdr)                You might also make \topmargin smaller to compensate:

(fancyhdr)                \addtolength{\topmargin}{-10.16548pt}.

[151]
Underfull \hbox (badness 900) in paragraph at lines 13--14
[]\T1/phv/m/n/10 int [] (const int dev[]_[]handle, const int [], char $\OMS/cms
y/m/n/10 ^^C$\T1/phv/m/n/10 tx[]_[]buffer, const int data[]_[]length, char
 []


Underfull \hbox (badness 10000) detected at line 35
[][][]
 []

[152]
Underfull \hbox (badness 10000) detected at line 53
[][][]
 []


Underfull \hbox (badness 10000) detected at line 77
[][][]
 []

[153]
Underfull \hbox (badness 10000) detected at line 103
[][][]
 []

) (./arm__hardware_8hpp.tex
Underfull \hbox (badness 10000) in paragraph at lines 3--18

 []

) (./arm__hardware_8hpp_source.tex [154] [155]) (./arm__hardware_8cpp.tex
Underfull \hbox (badness 10000) in paragraph at lines 3--12

 []

[156]) (./mBaseGripper_8h.tex
Underfull \hbox (badness 10000) in paragraph at lines 8--10

 []


Underfull \hbox (badness 10000) detected at line 25
[][][]
 []


Underfull \hbox (badness 10000) detected at line 28
[][][]
 []


Underfull \hbox (badness 10000) detected at line 31
[][][]
 []


Underfull \hbox (badness 10000) detected at line 34
[][][]
 []

) (./mBaseGripper_8h_source.tex

Package fancyhdr Warning: \headheight is too small (12.0pt): 
(fancyhdr)                Make it at least 22.16548pt, for example:
(fancyhdr)                \setlength{\headheight}{22.16548pt}.
(fancyhdr)                You might also make \topmargin smaller to compensate:

(fancyhdr)                \addtolength{\topmargin}{-10.16548pt}.

[157]) (./mGripper_8h.tex
Underfull \hbox (badness 10000) in paragraph at lines 8--11

 []

[158]
Underfull \hbox (badness 10000) detected at line 26
[][][]
 []


Underfull \hbox (badness 10000) detected at line 29
[][][]
 []


Underfull \hbox (badness 10000) detected at line 32
[][][]
 []


Underfull \hbox (badness 10000) detected at line 35
[][][]
 []

) (./mGripper_8h_source.tex) (./mMockGripper_8h.tex
Underfull \hbox (badness 10000) in paragraph at lines 8--10

 []

[159]
Underfull \hbox (badness 10000) detected at line 25
[][][]
 []


Underfull \hbox (badness 10000) detected at line 28
[][][]
 []


Underfull \hbox (badness 10000) detected at line 31
[][][]
 []


Underfull \hbox (badness 10000) detected at line 34
[][][]
 []

) (./mMockGripper_8h_source.tex) (./uPWM_8h.tex [160]
Underfull \hbox (badness 10000) in paragraph at lines 8--15

 []


Underfull \hbox (badness 10000) detected at line 25
[][][]
 []


Underfull \hbox (badness 10000) detected at line 28
[][][]
 []


Underfull \hbox (badness 10000) detected at line 31
[][][]
 []


Underfull \hbox (badness 10000) detected at line 34
[][][]
 []

) (./uPWM_8h_source.tex [161] [162]) (./mBaseGripper_8cpp.tex
Underfull \hbox (badness 10000) in paragraph at lines 3--7

 []

) (./mGripper_8cpp.tex
Underfull \hbox (badness 10000) in paragraph at lines 3--5

 []

) (./mMockGripper_8cpp.tex
Underfull \hbox (badness 10000) in paragraph at lines 3--4

 []

) (./gripper__hardware_8hpp.tex
Underfull \hbox (badness 10000) in paragraph at lines 3--18

 []


Package fancyhdr Warning: \headheight is too small (12.0pt): 
(fancyhdr)                Make it at least 22.16548pt, for example:
(fancyhdr)                \setlength{\headheight}{22.16548pt}.
(fancyhdr)                You might also make \topmargin smaller to compensate:

(fancyhdr)                \addtolength{\topmargin}{-10.16548pt}.

[163]) (./gripper__hardware_8hpp_source.tex [164])
(./gripper__hardware_8cpp.tex
Underfull \hbox (badness 10000) in paragraph at lines 3--11

 []


Package fancyhdr Warning: \headheight is too small (12.0pt): 
(fancyhdr)                Make it at least 33.97194pt, for example:
(fancyhdr)                \setlength{\headheight}{33.97194pt}.
(fancyhdr)                You might also make \topmargin smaller to compensate:

(fancyhdr)                \addtolength{\topmargin}{-21.97194pt}.

[165]) (./pilz__sequence_8cpp.tex
Underfull \hbox (badness 10000) in paragraph at lines 3--16

 []

[166]) (./manual__control_8cpp.tex
Underfull \hbox (badness 10000) in paragraph at lines 3--9

 []


Package fancyhdr Warning: \headheight is too small (12.0pt): 
(fancyhdr)                Make it at least 22.16548pt, for example:
(fancyhdr)                \setlength{\headheight}{22.16548pt}.
(fancyhdr)                You might also make \topmargin smaller to compensate:

(fancyhdr)                \addtolength{\topmargin}{-10.16548pt}.

[167]) (./manual__control_8h.tex [168]) (./manual__control_8h_source.tex)
(./comm__speed__test_2src_2main_8cpp.tex
Underfull \hbox (badness 10000) in paragraph at lines 3--9

 []

[169]) (./high__speed__stall__test_2src_2main_8cpp.tex
Underfull \hbox (badness 10000) in paragraph at lines 3--8

 []

[170]) (./max__accel__test_2src_2main_8cpp.tex
Underfull \hbox (badness 10000) in paragraph at lines 3--8

 []

[171] [172]) [173] [174

] (./refman.ind
LaTeX Font Info:    Font shape `T1/phv/m/n' will be
(Font)              scaled to size 22.39185pt on input line 1.

Overfull \hbox (63.61101pt too wide) in paragraph at lines 10--12
[]| \T1/phv/m/n/10 bioscara_hardware_interfaces::BioscaraGripperHardwareInterfa
ce,
 []


Overfull \hbox (63.61101pt too wide) in paragraph at lines 13--15
[]| \T1/phv/m/n/10 bioscara_hardware_interfaces::BioscaraGripperHardwareInterfa
ce,
 []


Overfull \hbox (50.19241pt too wide) in paragraph at lines 20--22
[]| \T1/phv/m/n/10 bioscara_hardware_interfaces::BioscaraArmHardwareInterface,
 []


Overfull \hbox (50.19241pt too wide) in paragraph at lines 23--25
[]| \T1/phv/m/n/10 bioscara_hardware_interfaces::BioscaraArmHardwareInterface,
 []


Overfull \hbox (50.19241pt too wide) in paragraph at lines 26--28
[]| \T1/phv/m/n/10 bioscara_hardware_interfaces::BioscaraArmHardwareInterface,
 []


Overfull \hbox (63.61101pt too wide) in paragraph at lines 29--31
[]| \T1/phv/m/n/10 bioscara_hardware_interfaces::BioscaraGripperHardwareInterfa
ce,
 []


Overfull \hbox (50.19241pt too wide) in paragraph at lines 38--40
[]| \T1/phv/m/n/10 bioscara_hardware_interfaces::BioscaraArmHardwareInterface,
 []


Overfull \hbox (50.19241pt too wide) in paragraph at lines 43--45
[]| \T1/phv/m/n/10 bioscara_hardware_interfaces::BioscaraArmHardwareInterface,
 []


Overfull \hbox (63.61101pt too wide) in paragraph at lines 54--56
[]| \T1/phv/m/n/10 bioscara_hardware_interfaces::BioscaraGripperHardwareInterfa
ce,
 []


Overfull \hbox (142.73756pt too wide) in paragraph at lines 72--74
[]| \T1/phv/m/n/10 bioscara_hardware_interfaces::BioscaraArmHardwareInterface::
joint_homing_config_t,
 []


Overfull \hbox (50.19241pt too wide) in paragraph at lines 78--80
[]| \T1/phv/m/n/10 bioscara_hardware_interfaces::BioscaraArmHardwareInterface,
 []

[175


] [176]
Overfull \hbox (30.19241pt too wide) in paragraph at lines 272--274
[]\T1/phv/m/n/10 bioscara_hardware_interfaces::BioscaraArmHardwareInterface,
 []


Overfull \hbox (88.22318pt too wide) in paragraph at lines 297--299
[]\T1/phv/m/n/10 bioscara_hardware_interfaces::BioscaraArmHardwareInterface::jo
int_config_t,
 []


Overfull \hbox (122.73756pt too wide) in paragraph at lines 309--311
[]\T1/phv/m/n/10 bioscara_hardware_interfaces::BioscaraArmHardwareInterface::jo
int_homing_config_t,
 []


Overfull \hbox (43.61101pt too wide) in paragraph at lines 315--317
[]\T1/phv/m/n/10 bioscara_hardware_interfaces::BioscaraGripperHardwareInterface
,
 []


Overfull \hbox (113.1885pt too wide) in paragraph at lines 330--332
[]\T1/phv/m/n/10 bioscara_hardware_interfaces::BioscaraGripperHardwareInterface
::gripper_config_t,
 []

[177]
Overfull \hbox (142.73756pt too wide) in paragraph at lines 435--437
[]| \T1/phv/m/n/10 bioscara_hardware_interfaces::BioscaraArmHardwareInterface::
joint_homing_config_t,
 []


Overfull \hbox (50.19241pt too wide) in paragraph at lines 443--445
[]| \T1/phv/m/n/10 bioscara_hardware_interfaces::BioscaraArmHardwareInterface,
 []

[178]
Overfull \hbox (108.22318pt too wide) in paragraph at lines 471--473
[]| \T1/phv/m/n/10 bioscara_hardware_interfaces::BioscaraArmHardwareInterface::
joint_config_t,
 []


Overfull \hbox (108.22318pt too wide) in paragraph at lines 573--575
[]| \T1/phv/m/n/10 bioscara_hardware_interfaces::BioscaraArmHardwareInterface::
joint_config_t,
 []


Overfull \hbox (108.22318pt too wide) in paragraph at lines 584--586
[]| \T1/phv/m/n/10 bioscara_hardware_interfaces::BioscaraArmHardwareInterface::
joint_config_t,
 []

[179]
Overfull \hbox (108.22318pt too wide) in paragraph at lines 596--598
[]| \T1/phv/m/n/10 bioscara_hardware_interfaces::BioscaraArmHardwareInterface::
joint_config_t,
 []


Overfull \hbox (133.1885pt too wide) in paragraph at lines 606--608
[]| \T1/phv/m/n/10 bioscara_hardware_interfaces::BioscaraGripperHardwareInterfa
ce::gripper_config_t,
 []

[180]
Overfull \hbox (120.76657pt too wide) in paragraph at lines 732--734
[]\T1/phv/m/n/10 lib/ros2_ws/src/bioscara_rviz_plugin/include/bioscara_rviz_plu
gin/bioscara_panel.hpp,
 []


Overfull \hbox (19.04155pt too wide) in paragraph at lines 734--736
[]\T1/phv/m/n/10 lib/ros2_ws/src/bioscara_rviz_plugin/src/bioscara_panel.cpp,
 []


Overfull \hbox (252.46135pt too wide) in paragraph at lines 736--738
[]\T1/phv/m/n/10 lib/ros2_ws/src/dalsa_bioscara_arm/bioscara_arm_hardware_drive
r/include/bioscara_arm_hardware_driver/common.h,
 []


Overfull \hbox (264.97105pt too wide) in paragraph at lines 738--740
[]\T1/phv/m/n/10 lib/ros2_ws/src/dalsa_bioscara_arm/bioscara_arm_hardware_drive
r/include/bioscara_arm_hardware_driver/mBaseJoint.h,
 []


Overfull \hbox (244.46039pt too wide) in paragraph at lines 740--742
[]\T1/phv/m/n/10 lib/ros2_ws/src/dalsa_bioscara_arm/bioscara_arm_hardware_drive
r/include/bioscara_arm_hardware_driver/mJoint.h,
 []


Overfull \hbox (254.4682pt too wide) in paragraph at lines 742--744
[]\T1/phv/m/n/10 lib/ros2_ws/src/dalsa_bioscara_arm/bioscara_arm_hardware_drive
r/include/bioscara_arm_hardware_driver/mJoint.hpp,
 []


Overfull \hbox (265.78117pt too wide) in paragraph at lines 744--746
[]\T1/phv/m/n/10 lib/ros2_ws/src/dalsa_bioscara_arm/bioscara_arm_hardware_drive
r/include/bioscara_arm_hardware_driver/mMockJoint.h,
 []


Overfull \hbox (234.5065pt too wide) in paragraph at lines 746--748
[]\T1/phv/m/n/10 lib/ros2_ws/src/dalsa_bioscara_arm/bioscara_arm_hardware_drive
r/include/bioscara_arm_hardware_driver/uErr.h,
 []


Overfull \hbox (236.69354pt too wide) in paragraph at lines 748--750
[]\T1/phv/m/n/10 lib/ros2_ws/src/dalsa_bioscara_arm/bioscara_arm_hardware_drive
r/include/bioscara_arm_hardware_driver/uI2C.h,
 []


Overfull \hbox (275.29404pt too wide) in paragraph at lines 750--752
[]\T1/phv/m/n/10 lib/ros2_ws/src/dalsa_bioscara_arm/bioscara_arm_hardware_drive
r/include/bioscara_arm_hardware_driver/uTransmission.h,
 []


Overfull \hbox (154.89421pt too wide) in paragraph at lines 752--754
[]\T1/phv/m/n/10 lib/ros2_ws/src/dalsa_bioscara_arm/bioscara_arm_hardware_drive
r/src/joint_comm_node.cpp,
 []


Overfull \hbox (131.0176pt too wide) in paragraph at lines 754--756
[]\T1/phv/m/n/10 lib/ros2_ws/src/dalsa_bioscara_arm/bioscara_arm_hardware_drive
r/src/mBaseJoint.cpp,
 []


Overfull \hbox (110.50693pt too wide) in paragraph at lines 756--758
[]\T1/phv/m/n/10 lib/ros2_ws/src/dalsa_bioscara_arm/bioscara_arm_hardware_drive
r/src/mJoint.cpp,
 []


Overfull \hbox (131.82771pt too wide) in paragraph at lines 758--760
[]\T1/phv/m/n/10 lib/ros2_ws/src/dalsa_bioscara_arm/bioscara_arm_hardware_drive
r/src/mMockJoint.cpp,
 []


Overfull \hbox (100.55304pt too wide) in paragraph at lines 760--762
[]\T1/phv/m/n/10 lib/ros2_ws/src/dalsa_bioscara_arm/bioscara_arm_hardware_drive
r/src/uErr.cpp,
 []


Overfull \hbox (102.74008pt too wide) in paragraph at lines 762--764
[]\T1/phv/m/n/10 lib/ros2_ws/src/dalsa_bioscara_arm/bioscara_arm_hardware_drive
r/src/uI2C.cpp,
 []


Overfull \hbox (309.60144pt too wide) in paragraph at lines 764--766
[]\T1/phv/m/n/10 lib/ros2_ws/src/dalsa_bioscara_arm/bioscara_arm_hardware_inter
face/include/bioscara_arm_hardware_interface/arm_hardware.hpp,
 []


Overfull \hbox (153.80534pt too wide) in paragraph at lines 766--768
[]\T1/phv/m/n/10 lib/ros2_ws/src/dalsa_bioscara_arm/bioscara_arm_hardware_inter
face/src/arm_hardware.cpp,
 []


Overfull \hbox (317.14255pt too wide) in paragraph at lines 768--770
[]\T1/phv/m/n/10 lib/ros2_ws/src/dalsa_bioscara_grippers/bioscara_gripper_hardw
are_driver/include/bioscara_gripper_hardware_driver/mBaseGripper.h,
 []


Overfull \hbox (296.63188pt too wide) in paragraph at lines 770--772
[]\T1/phv/m/n/10 lib/ros2_ws/src/dalsa_bioscara_grippers/bioscara_gripper_hardw
are_driver/include/bioscara_gripper_hardware_driver/mGripper.h,
 []


Overfull \hbox (317.95267pt too wide) in paragraph at lines 772--774
[]\T1/phv/m/n/10 lib/ros2_ws/src/dalsa_bioscara_grippers/bioscara_gripper_hardw
are_driver/include/bioscara_gripper_hardware_driver/mMockGripper.h,
 []


Overfull \hbox (286.44426pt too wide) in paragraph at lines 774--776
[]\T1/phv/m/n/10 lib/ros2_ws/src/dalsa_bioscara_grippers/bioscara_gripper_hardw
are_driver/include/bioscara_gripper_hardware_driver/uPWM.h,
 []


Overfull \hbox (170.85947pt too wide) in paragraph at lines 776--778
[]\T1/phv/m/n/10 lib/ros2_ws/src/dalsa_bioscara_grippers/bioscara_gripper_hardw
are_driver/src/mBaseGripper.cpp,
 []


Overfull \hbox (150.3488pt too wide) in paragraph at lines 778--780
[]\T1/phv/m/n/10 lib/ros2_ws/src/dalsa_bioscara_grippers/bioscara_gripper_hardw
are_driver/src/mGripper.cpp,
 []


Overfull \hbox (171.66959pt too wide) in paragraph at lines 780--782
[]\T1/phv/m/n/10 lib/ros2_ws/src/dalsa_bioscara_grippers/bioscara_gripper_hardw
are_driver/src/mMockGripper.cpp,
 []


Overfull \hbox (363.41989pt too wide) in paragraph at lines 782--784
[]\T1/phv/m/n/10 lib/ros2_ws/src/dalsa_bioscara_grippers/bioscara_gripper_hardw
are_interface/include/bioscara_gripper_hardware_interface/gripper_hardware.hpp,

 []


Overfull \hbox (195.29417pt too wide) in paragraph at lines 784--786
[]\T1/phv/m/n/10 lib/ros2_ws/src/dalsa_bioscara_grippers/bioscara_gripper_hardw
are_interface/src/gripper_hardware.cpp,
 []


Overfull \hbox (17.96173pt too wide) in paragraph at lines 786--788
[]\T1/phv/m/n/10 lib/ros2_ws/src/moveit_motion_plans/src/pilz_sequence.cpp,
 []


Overfull \hbox (62.78992pt too wide) in paragraph at lines 788--790
[]\T1/phv/m/n/10 lib/ros2_ws/src/system_test_packages/comm_speed_test/src/main.
cpp,
 []


Overfull \hbox (125.68048pt too wide) in paragraph at lines 790--792
[]\T1/phv/m/n/10 lib/ros2_ws/src/system_test_packages/gripper_manual_control/sr
c/manual_control.cpp,
 []


Overfull \hbox (116.1766pt too wide) in paragraph at lines 792--794
[]\T1/phv/m/n/10 lib/ros2_ws/src/system_test_packages/gripper_manual_control/sr
c/manual_control.h,
 []


Overfull \hbox (76.3075pt too wide) in paragraph at lines 794--796
[]\T1/phv/m/n/10 lib/ros2_ws/src/system_test_packages/high_speed_stall_test/src
/main.cpp,
 []


Overfull \hbox (51.78313pt too wide) in paragraph at lines 796--798
[]\T1/phv/m/n/10 lib/ros2_ws/src/system_test_packages/max_accel_test/src/main.c
pp,
 []

[181]
Overfull \hbox (108.22318pt too wide) in paragraph at lines 844--846
[]| \T1/phv/m/n/10 bioscara_hardware_interfaces::BioscaraArmHardwareInterface::
joint_config_t,
 []


Overfull \hbox (133.1885pt too wide) in paragraph at lines 846--848
[]| \T1/phv/m/n/10 bioscara_hardware_interfaces::BioscaraGripperHardwareInterfa
ce::gripper_config_t,
 []


Overfull \hbox (108.22318pt too wide) in paragraph at lines 849--851
[]| \T1/phv/m/n/10 bioscara_hardware_interfaces::BioscaraArmHardwareInterface::
joint_config_t,
 []


Overfull \hbox (108.22318pt too wide) in paragraph at lines 855--857
[]| \T1/phv/m/n/10 bioscara_hardware_interfaces::BioscaraArmHardwareInterface::
joint_config_t,
 []


Overfull \hbox (108.22318pt too wide) in paragraph at lines 867--869
[]| \T1/phv/m/n/10 bioscara_hardware_interfaces::BioscaraArmHardwareInterface::
joint_config_t,
 []


Overfull \hbox (133.1885pt too wide) in paragraph at lines 869--871
[]| \T1/phv/m/n/10 bioscara_hardware_interfaces::BioscaraGripperHardwareInterfa
ce::gripper_config_t,
 []


Overfull \hbox (50.19241pt too wide) in paragraph at lines 903--905
[]| \T1/phv/m/n/10 bioscara_hardware_interfaces::BioscaraArmHardwareInterface,
 []


Overfull \hbox (133.1885pt too wide) in paragraph at lines 933--935
[]| \T1/phv/m/n/10 bioscara_hardware_interfaces::BioscaraGripperHardwareInterfa
ce::gripper_config_t,
 []


Overfull \hbox (50.19241pt too wide) in paragraph at lines 938--940
[]| \T1/phv/m/n/10 bioscara_hardware_interfaces::BioscaraArmHardwareInterface,
 []


Overfull \hbox (63.61101pt too wide) in paragraph at lines 940--942
[]| \T1/phv/m/n/10 bioscara_hardware_interfaces::BioscaraGripperHardwareInterfa
ce,
 []


Overfull \hbox (50.19241pt too wide) in paragraph at lines 943--945
[]| \T1/phv/m/n/10 bioscara_hardware_interfaces::BioscaraArmHardwareInterface,
 []


Overfull \hbox (63.61101pt too wide) in paragraph at lines 945--947
[]| \T1/phv/m/n/10 bioscara_hardware_interfaces::BioscaraGripperHardwareInterfa
ce,
 []


Overfull \hbox (50.19241pt too wide) in paragraph at lines 948--950
[]| \T1/phv/m/n/10 bioscara_hardware_interfaces::BioscaraArmHardwareInterface,
 []


Overfull \hbox (63.61101pt too wide) in paragraph at lines 950--952
[]| \T1/phv/m/n/10 bioscara_hardware_interfaces::BioscaraGripperHardwareInterfa
ce,
 []


Overfull \hbox (50.19241pt too wide) in paragraph at lines 953--955
[]| \T1/phv/m/n/10 bioscara_hardware_interfaces::BioscaraArmHardwareInterface,
 []


Overfull \hbox (63.61101pt too wide) in paragraph at lines 955--957
[]| \T1/phv/m/n/10 bioscara_hardware_interfaces::BioscaraGripperHardwareInterfa
ce,
 []


Overfull \hbox (50.19241pt too wide) in paragraph at lines 958--960
[]| \T1/phv/m/n/10 bioscara_hardware_interfaces::BioscaraArmHardwareInterface,
 []

[182]
Overfull \hbox (63.61101pt too wide) in paragraph at lines 960--962
[]| \T1/phv/m/n/10 bioscara_hardware_interfaces::BioscaraGripperHardwareInterfa
ce,
 []


Overfull \hbox (50.19241pt too wide) in paragraph at lines 963--965
[]| \T1/phv/m/n/10 bioscara_hardware_interfaces::BioscaraArmHardwareInterface,
 []


Overfull \hbox (63.61101pt too wide) in paragraph at lines 965--967
[]| \T1/phv/m/n/10 bioscara_hardware_interfaces::BioscaraGripperHardwareInterfa
ce,
 []


Overfull \hbox (50.19241pt too wide) in paragraph at lines 968--970
[]| \T1/phv/m/n/10 bioscara_hardware_interfaces::BioscaraArmHardwareInterface,
 []


Overfull \hbox (63.61101pt too wide) in paragraph at lines 970--972
[]| \T1/phv/m/n/10 bioscara_hardware_interfaces::BioscaraGripperHardwareInterfa
ce,
 []


Overfull \hbox (50.19241pt too wide) in paragraph at lines 985--987
[]| \T1/phv/m/n/10 bioscara_hardware_interfaces::BioscaraArmHardwareInterface,
 []


Overfull \hbox (50.19241pt too wide) in paragraph at lines 1002--1004
[]| \T1/phv/m/n/10 bioscara_hardware_interfaces::BioscaraArmHardwareInterface,
 []


Overfull \hbox (50.19241pt too wide) in paragraph at lines 1028--1030
[]| \T1/phv/m/n/10 bioscara_hardware_interfaces::BioscaraArmHardwareInterface,
 []


Overfull \hbox (63.61101pt too wide) in paragraph at lines 1030--1032
[]| \T1/phv/m/n/10 bioscara_hardware_interfaces::BioscaraGripperHardwareInterfa
ce,
 []


Overfull \hbox (108.22318pt too wide) in paragraph at lines 1053--1055
[]| \T1/phv/m/n/10 bioscara_hardware_interfaces::BioscaraArmHardwareInterface::
joint_config_t,
 []


Overfull \hbox (133.1885pt too wide) in paragraph at lines 1055--1057
[]| \T1/phv/m/n/10 bioscara_hardware_interfaces::BioscaraGripperHardwareInterfa
ce::gripper_config_t,
 []

[183]
Overfull \hbox (142.73756pt too wide) in paragraph at lines 1187--1189
[]| \T1/phv/m/n/10 bioscara_hardware_interfaces::BioscaraArmHardwareInterface::
joint_homing_config_t,
 []


Overfull \hbox (50.19241pt too wide) in paragraph at lines 1190--1192
[]| \T1/phv/m/n/10 bioscara_hardware_interfaces::BioscaraArmHardwareInterface,
 []


Overfull \hbox (108.22318pt too wide) in paragraph at lines 1195--1197
[]| \T1/phv/m/n/10 bioscara_hardware_interfaces::BioscaraArmHardwareInterface::
joint_config_t,
 []

[184]
Overfull \hbox (50.19241pt too wide) in paragraph at lines 1203--1205
[]| \T1/phv/m/n/10 bioscara_hardware_interfaces::BioscaraArmHardwareInterface,
 []


Overfull \hbox (50.19241pt too wide) in paragraph at lines 1218--1220
[]| \T1/phv/m/n/10 bioscara_hardware_interfaces::BioscaraArmHardwareInterface,
 []


Overfull \hbox (142.73756pt too wide) in paragraph at lines 1235--1237
[]| \T1/phv/m/n/10 bioscara_hardware_interfaces::BioscaraArmHardwareInterface::
joint_homing_config_t,
 []


Overfull \hbox (50.19241pt too wide) in paragraph at lines 1310--1312
[]| \T1/phv/m/n/10 bioscara_hardware_interfaces::BioscaraArmHardwareInterface,
 []


Overfull \hbox (63.61101pt too wide) in paragraph at lines 1312--1314
[]| \T1/phv/m/n/10 bioscara_hardware_interfaces::BioscaraGripperHardwareInterfa
ce,
 []

[185]) (./refman.aux)
 ***********
LaTeX2e <2023-11-01> patch level 1
L3 programming layer <2024-01-22>
 ***********
Package rerunfilecheck Info: File `refman.out' has not changed.
(rerunfilecheck)             Checksum: 8157800F150605925F5C9E689E138893;122045.

 ) 
Here is how much of TeX's memory you used:
 21214 strings out of 476182
 402080 string characters out of 5795595
 1977975 words of memory out of 5000000
 41193 multiletter control sequences out of 15000+600000
 618615 words of font info for 117 fonts, out of 8000000 for 9000
 14 hyphenation exceptions out of 8191
 101i,16n,117p,1520b,738s stack positions out of 10000i,1000n,20000p,200000b,200000s
</usr/share/texlive/texmf-dist/fonts/type1/public/amsfonts/cm/cmmi10.pfb></us
r/share/texlive/texmf-dist/fonts/type1/public/amsfonts/cm/cmmi7.pfb></usr/share
/texlive/texmf-dist/fonts/type1/public/amsfonts/cm/cmmi8.pfb></usr/share/texliv
e/texmf-dist/fonts/type1/public/amsfonts/cm/cmmi9.pfb></usr/share/texlive/texmf
-dist/fonts/type1/public/amsfonts/cm/cmr10.pfb></usr/share/texlive/texmf-dist/f
onts/type1/public/amsfonts/cm/cmr7.pfb></usr/share/texlive/texmf-dist/fonts/typ
e1/public/amsfonts/cm/cmsy10.pfb></usr/share/texlive/texmf-dist/fonts/type1/pub
lic/amsfonts/cm/cmsy6.pfb></usr/share/texlive/texmf-dist/fonts/type1/public/ams
fonts/cm/cmsy7.pfb></usr/share/texlive/texmf-dist/fonts/type1/public/amsfonts/c
m/cmsy8.pfb></usr/share/texlive/texmf-dist/fonts/type1/urw/courier/ucrb8a.pfb><
/usr/share/texlive/texmf-dist/fonts/type1/urw/courier/ucrr8a.pfb></usr/share/te
xlive/texmf-dist/fonts/type1/urw/courier/ucrro8a.pfb></usr/share/texlive/texmf-
dist/fonts/type1/urw/helvetic/uhvb8a.pfb></usr/share/texlive/texmf-dist/fonts/t
ype1/urw/helvetic/uhvb8ac.pfb></usr/share/texlive/texmf-dist/fonts/type1/urw/he
lvetic/uhvr8a.pfb></usr/share/texlive/texmf-dist/fonts/type1/urw/helvetic/uhvro
8a.pfb>
Output written on refman.pdf (201 pages, 1977356 bytes).
PDF statistics:
 7706 PDF objects out of 8907 (max. 8388607)
 7358 compressed objects within 74 object streams
 1496 named destinations out of 1728 (max. 500000)
 4315 words of extra memory for PDF output out of 10000 (max. 10000000)

