\BOOKMARK [0][-]{chapter.1}{\376\377\0001\000\040\000B\000i\000o\000s\000c\000a\000r\000a\000\040\000C\000+\000+\000\040\000A\000P\000I\000\040\000D\000o\000c\000u\000m\000e\000n\000t\000a\000t\000i\000o\000n}{}% 1
\BOOKMARK [0][-]{chapter.2}{\376\377\0002\000\040\000T\000o\000d\000o\000\040\000L\000i\000s\000t}{}% 2
\BOOKMARK [0][-]{chapter.3}{\376\377\0003\000\040\000N\000a\000m\000e\000s\000p\000a\000c\000e\000\040\000I\000n\000d\000e\000x}{}% 3
\BOOKMARK [1][-]{section.3.1}{\376\377\0003\000.\0001\000\040\000N\000a\000m\000e\000s\000p\000a\000c\000e\000\040\000L\000i\000s\000t}{chapter.3}% 4
\BOOKMARK [0][-]{chapter.4}{\376\377\0004\000\040\000H\000i\000e\000r\000a\000r\000c\000h\000i\000c\000a\000l\000\040\000I\000n\000d\000e\000x}{}% 5
\BOOKMARK [1][-]{section.4.1}{\376\377\0004\000.\0001\000\040\000C\000l\000a\000s\000s\000\040\000H\000i\000e\000r\000a\000r\000c\000h\000y}{chapter.4}% 6
\BOOKMARK [0][-]{chapter.5}{\376\377\0005\000\040\000C\000l\000a\000s\000s\000\040\000I\000n\000d\000e\000x}{}% 7
\BOOKMARK [1][-]{section.5.1}{\376\377\0005\000.\0001\000\040\000C\000l\000a\000s\000s\000\040\000L\000i\000s\000t}{chapter.5}% 8
\BOOKMARK [0][-]{chapter.6}{\376\377\0006\000\040\000F\000i\000l\000e\000\040\000I\000n\000d\000e\000x}{}% 9
\BOOKMARK [1][-]{section.6.1}{\376\377\0006\000.\0001\000\040\000F\000i\000l\000e\000\040\000L\000i\000s\000t}{chapter.6}% 10
\BOOKMARK [0][-]{chapter.7}{\376\377\0007\000\040\000N\000a\000m\000e\000s\000p\000a\000c\000e\000\040\000D\000o\000c\000u\000m\000e\000n\000t\000a\000t\000i\000o\000n}{}% 11
\BOOKMARK [1][-]{section.7.1}{\376\377\0007\000.\0001\000\040\000b\000i\000o\000s\000c\000a\000r\000a\000\137\000h\000a\000r\000d\000w\000a\000r\000e\000\137\000d\000r\000i\000v\000e\000r\000s\000\040\000N\000a\000m\000e\000s\000p\000a\000c\000e\000\040\000R\000e\000f\000e\000r\000e\000n\000c\000e}{chapter.7}% 12
\BOOKMARK [2][-]{subsection.7.1.1}{\376\377\0007\000.\0001\000.\0001\000\040\000E\000n\000u\000m\000e\000r\000a\000t\000i\000o\000n\000\040\000T\000y\000p\000e\000\040\000D\000o\000c\000u\000m\000e\000n\000t\000a\000t\000i\000o\000n}{section.7.1}% 13
\BOOKMARK [3][-]{subsubsection.7.1.1.1}{\376\377\0007\000.\0001\000.\0001\000.\0001\000\040\000e\000r\000r\000\137\000t\000y\000p\000e\000\137\000t}{subsection.7.1.1}% 14
\BOOKMARK [2][-]{subsection.7.1.2}{\376\377\0007\000.\0001\000.\0002\000\040\000F\000u\000n\000c\000t\000i\000o\000n\000\040\000D\000o\000c\000u\000m\000e\000n\000t\000a\000t\000i\000o\000n}{section.7.1}% 15
\BOOKMARK [3][-]{subsubsection.7.1.2.1}{\376\377\0007\000.\0001\000.\0002\000.\0001\000\040\000e\000r\000r\000o\000r\000\137\000t\000o\000\137\000s\000t\000r\000i\000n\000g\000\050\000\051}{subsection.7.1.2}% 16
\BOOKMARK [1][-]{section.7.2}{\376\377\0007\000.\0002\000\040\000b\000i\000o\000s\000c\000a\000r\000a\000\137\000h\000a\000r\000d\000w\000a\000r\000e\000\137\000i\000n\000t\000e\000r\000f\000a\000c\000e\000s\000\040\000N\000a\000m\000e\000s\000p\000a\000c\000e\000\040\000R\000e\000f\000e\000r\000e\000n\000c\000e}{chapter.7}% 17
\BOOKMARK [2][-]{subsection.7.2.1}{\376\377\0007\000.\0002\000.\0001\000\040\000V\000a\000r\000i\000a\000b\000l\000e\000\040\000D\000o\000c\000u\000m\000e\000n\000t\000a\000t\000i\000o\000n}{section.7.2}% 18
\BOOKMARK [3][-]{subsubsection.7.2.1.1}{\376\377\0007\000.\0002\000.\0001\000.\0001\000\040\000H\000W\000\137\000I\000F\000\137\000H\000O\000M\000E}{subsection.7.2.1}% 19
\BOOKMARK [1][-]{section.7.3}{\376\377\0007\000.\0003\000\040\000b\000i\000o\000s\000c\000a\000r\000a\000\137\000r\000v\000i\000z\000\137\000p\000l\000u\000g\000i\000n\000\040\000N\000a\000m\000e\000s\000p\000a\000c\000e\000\040\000R\000e\000f\000e\000r\000e\000n\000c\000e}{chapter.7}% 20
\BOOKMARK [1][-]{section.7.4}{\376\377\0007\000.\0004\000\040\000U\000i\000\040\000N\000a\000m\000e\000s\000p\000a\000c\000e\000\040\000R\000e\000f\000e\000r\000e\000n\000c\000e}{chapter.7}% 21
\BOOKMARK [0][-]{chapter.8}{\376\377\0008\000\040\000C\000l\000a\000s\000s\000\040\000D\000o\000c\000u\000m\000e\000n\000t\000a\000t\000i\000o\000n}{}% 22
\BOOKMARK [1][-]{section.8.1}{\376\377\0008\000.\0001\000\040\000b\000i\000o\000s\000c\000a\000r\000a\000\137\000h\000a\000r\000d\000w\000a\000r\000e\000\137\000d\000r\000i\000v\000e\000r\000s\000:\000:\000B\000a\000s\000e\000G\000r\000i\000p\000p\000e\000r\000\040\000C\000l\000a\000s\000s\000\040\000R\000e\000f\000e\000r\000e\000n\000c\000e}{chapter.8}% 23
\BOOKMARK [2][-]{subsection.8.1.1}{\376\377\0008\000.\0001\000.\0001\000\040\000D\000e\000t\000a\000i\000l\000e\000d\000\040\000D\000e\000s\000c\000r\000i\000p\000t\000i\000o\000n}{section.8.1}% 24
\BOOKMARK [2][-]{subsection.8.1.2}{\376\377\0008\000.\0001\000.\0002\000\040\000C\000o\000n\000s\000t\000r\000u\000c\000t\000o\000r\000\040\000\046\000\040\000D\000e\000s\000t\000r\000u\000c\000t\000o\000r\000\040\000D\000o\000c\000u\000m\000e\000n\000t\000a\000t\000i\000o\000n}{section.8.1}% 25
\BOOKMARK [3][-]{subsubsection.8.1.2.1}{\376\377\0008\000.\0001\000.\0002\000.\0001\000\040\000B\000a\000s\000e\000G\000r\000i\000p\000p\000e\000r\000\050\000\051}{subsection.8.1.2}% 26
\BOOKMARK [3][-]{subsubsection.8.1.2.2}{\376\377\0008\000.\0001\000.\0002\000.\0002\000\040\000~\000B\000a\000s\000e\000G\000r\000i\000p\000p\000e\000r\000\050\000\051}{subsection.8.1.2}% 27
\BOOKMARK [2][-]{subsection.8.1.3}{\376\377\0008\000.\0001\000.\0003\000\040\000M\000e\000m\000b\000e\000r\000\040\000F\000u\000n\000c\000t\000i\000o\000n\000\040\000D\000o\000c\000u\000m\000e\000n\000t\000a\000t\000i\000o\000n}{section.8.1}% 28
\BOOKMARK [3][-]{subsubsection.8.1.3.1}{\376\377\0008\000.\0001\000.\0003\000.\0001\000\040\000d\000e\000i\000n\000i\000t\000\050\000\051}{subsection.8.1.3}% 29
\BOOKMARK [3][-]{subsubsection.8.1.3.2}{\376\377\0008\000.\0001\000.\0003\000.\0002\000\040\000d\000i\000s\000a\000b\000l\000e\000\050\000\051}{subsection.8.1.3}% 30
\BOOKMARK [3][-]{subsubsection.8.1.3.3}{\376\377\0008\000.\0001\000.\0003\000.\0003\000\040\000e\000n\000a\000b\000l\000e\000\050\000\051}{subsection.8.1.3}% 31
\BOOKMARK [3][-]{subsubsection.8.1.3.4}{\376\377\0008\000.\0001\000.\0003\000.\0004\000\040\000g\000e\000t\000P\000o\000s\000i\000t\000i\000o\000n\000\050\000\051}{subsection.8.1.3}% 32
\BOOKMARK [3][-]{subsubsection.8.1.3.5}{\376\377\0008\000.\0001\000.\0003\000.\0005\000\040\000i\000n\000i\000t\000\050\000\051}{subsection.8.1.3}% 33
\BOOKMARK [3][-]{subsubsection.8.1.3.6}{\376\377\0008\000.\0001\000.\0003\000.\0006\000\040\000r\000e\000t\000r\000i\000e\000v\000e\000\137\000l\000a\000s\000t\000\137\000p\000o\000s\000i\000t\000i\000o\000n\000\050\000\051}{subsection.8.1.3}% 34
\BOOKMARK [3][-]{subsubsection.8.1.3.7}{\376\377\0008\000.\0001\000.\0003\000.\0007\000\040\000s\000a\000v\000e\000\137\000l\000a\000s\000t\000\137\000p\000o\000s\000i\000t\000i\000o\000n\000\050\000\051}{subsection.8.1.3}% 35
\BOOKMARK [3][-]{subsubsection.8.1.3.8}{\376\377\0008\000.\0001\000.\0003\000.\0008\000\040\000s\000e\000t\000O\000f\000f\000s\000e\000t\000\050\000\051}{subsection.8.1.3}% 36
\BOOKMARK [3][-]{subsubsection.8.1.3.9}{\376\377\0008\000.\0001\000.\0003\000.\0009\000\040\000s\000e\000t\000P\000o\000s\000i\000t\000i\000o\000n\000\050\000\051}{subsection.8.1.3}% 37
\BOOKMARK [3][-]{subsubsection.8.1.3.10}{\376\377\0008\000.\0001\000.\0003\000.\0001\0000\000\040\000s\000e\000t\000R\000e\000d\000u\000c\000t\000i\000o\000n\000\050\000\051}{subsection.8.1.3}% 38
\BOOKMARK [2][-]{subsection.8.1.4}{\376\377\0008\000.\0001\000.\0004\000\040\000M\000e\000m\000b\000e\000r\000\040\000D\000a\000t\000a\000\040\000D\000o\000c\000u\000m\000e\000n\000t\000a\000t\000i\000o\000n}{section.8.1}% 39
\BOOKMARK [3][-]{subsubsection.8.1.4.1}{\376\377\0008\000.\0001\000.\0004\000.\0001\000\040\000\137\000b\000a\000c\000k\000u\000p\000\137\000i\000n\000i\000t\000\137\000p\000o\000s}{subsection.8.1.4}% 40
\BOOKMARK [3][-]{subsubsection.8.1.4.2}{\376\377\0008\000.\0001\000.\0004\000.\0002\000\040\000\137\000m\000a\000x}{subsection.8.1.4}% 41
\BOOKMARK [3][-]{subsubsection.8.1.4.3}{\376\377\0008\000.\0001\000.\0004\000.\0003\000\040\000\137\000m\000i\000n}{subsection.8.1.4}% 42
\BOOKMARK [3][-]{subsubsection.8.1.4.4}{\376\377\0008\000.\0001\000.\0004\000.\0004\000\040\000\137\000n\000e\000w\000\137\000c\000m\000d\000\137\000t\000i\000m\000e}{subsection.8.1.4}% 43
\BOOKMARK [3][-]{subsubsection.8.1.4.5}{\376\377\0008\000.\0001\000.\0004\000.\0005\000\040\000\137\000o\000f\000f\000s\000e\000t}{subsection.8.1.4}% 44
\BOOKMARK [3][-]{subsubsection.8.1.4.6}{\376\377\0008\000.\0001\000.\0004\000.\0006\000\040\000\137\000p\000o\000s}{subsection.8.1.4}% 45
\BOOKMARK [3][-]{subsubsection.8.1.4.7}{\376\377\0008\000.\0001\000.\0004\000.\0007\000\040\000\137\000p\000o\000s\000\137\000g\000e\000t}{subsection.8.1.4}% 46
\BOOKMARK [3][-]{subsubsection.8.1.4.8}{\376\377\0008\000.\0001\000.\0004\000.\0008\000\040\000\137\000r\000e\000d\000u\000c\000t\000i\000o\000n}{subsection.8.1.4}% 47
\BOOKMARK [1][-]{section.8.2}{\376\377\0008\000.\0002\000\040\000b\000i\000o\000s\000c\000a\000r\000a\000\137\000h\000a\000r\000d\000w\000a\000r\000e\000\137\000d\000r\000i\000v\000e\000r\000s\000:\000:\000B\000a\000s\000e\000J\000o\000i\000n\000t\000\040\000C\000l\000a\000s\000s\000\040\000R\000e\000f\000e\000r\000e\000n\000c\000e}{chapter.8}% 48
\BOOKMARK [2][-]{subsection.8.2.1}{\376\377\0008\000.\0002\000.\0001\000\040\000D\000e\000t\000a\000i\000l\000e\000d\000\040\000D\000e\000s\000c\000r\000i\000p\000t\000i\000o\000n}{section.8.2}% 49
\BOOKMARK [2][-]{subsection.8.2.2}{\376\377\0008\000.\0002\000.\0002\000\040\000M\000e\000m\000b\000e\000r\000\040\000E\000n\000u\000m\000e\000r\000a\000t\000i\000o\000n\000\040\000D\000o\000c\000u\000m\000e\000n\000t\000a\000t\000i\000o\000n}{section.8.2}% 50
\BOOKMARK [3][-]{subsubsection.8.2.2.1}{\376\377\0008\000.\0002\000.\0002\000.\0001\000\040\000s\000t\000p\000\137\000r\000e\000g\000\137\000t}{subsection.8.2.2}% 51
\BOOKMARK [2][-]{subsection.8.2.3}{\376\377\0008\000.\0002\000.\0003\000\040\000C\000o\000n\000s\000t\000r\000u\000c\000t\000o\000r\000\040\000\046\000\040\000D\000e\000s\000t\000r\000u\000c\000t\000o\000r\000\040\000D\000o\000c\000u\000m\000e\000n\000t\000a\000t\000i\000o\000n}{section.8.2}% 52
\BOOKMARK [3][-]{subsubsection.8.2.3.1}{\376\377\0008\000.\0002\000.\0003\000.\0001\000\040\000B\000a\000s\000e\000J\000o\000i\000n\000t\000\050\000\051}{subsection.8.2.3}% 53
\BOOKMARK [3][-]{subsubsection.8.2.3.2}{\376\377\0008\000.\0002\000.\0003\000.\0002\000\040\000~\000B\000a\000s\000e\000J\000o\000i\000n\000t\000\050\000\051}{subsection.8.2.3}% 54
\BOOKMARK [2][-]{subsection.8.2.4}{\376\377\0008\000.\0002\000.\0004\000\040\000M\000e\000m\000b\000e\000r\000\040\000F\000u\000n\000c\000t\000i\000o\000n\000\040\000D\000o\000c\000u\000m\000e\000n\000t\000a\000t\000i\000o\000n}{section.8.2}% 55
\BOOKMARK [3][-]{subsubsection.8.2.4.1}{\376\377\0008\000.\0002\000.\0004\000.\0001\000\040\000\137\000h\000o\000m\000e\000\050\000\051}{subsection.8.2.4}% 56
\BOOKMARK [3][-]{subsubsection.8.2.4.2}{\376\377\0008\000.\0002\000.\0004\000.\0002\000\040\000c\000h\000e\000c\000k\000O\000r\000i\000e\000n\000t\000a\000t\000i\000o\000n\000\050\000\051}{subsection.8.2.4}% 57
\BOOKMARK [3][-]{subsubsection.8.2.4.3}{\376\377\0008\000.\0002\000.\0004\000.\0003\000\040\000d\000e\000i\000n\000i\000t\000\050\000\051}{subsection.8.2.4}% 58
\BOOKMARK [3][-]{subsubsection.8.2.4.4}{\376\377\0008\000.\0002\000.\0004\000.\0004\000\040\000d\000i\000s\000a\000b\000l\000e\000\050\000\051}{subsection.8.2.4}% 59
\BOOKMARK [3][-]{subsubsection.8.2.4.5}{\376\377\0008\000.\0002\000.\0004\000.\0005\000\040\000d\000i\000s\000a\000b\000l\000e\000C\000L\000\050\000\051}{subsection.8.2.4}% 60
\BOOKMARK [3][-]{subsubsection.8.2.4.6}{\376\377\0008\000.\0002\000.\0004\000.\0006\000\040\000e\000n\000a\000b\000l\000e\000\050\000\051}{subsection.8.2.4}% 61
\BOOKMARK [3][-]{subsubsection.8.2.4.7}{\376\377\0008\000.\0002\000.\0004\000.\0007\000\040\000e\000n\000a\000b\000l\000e\000S\000t\000a\000l\000l\000g\000u\000a\000r\000d\000\050\000\051}{subsection.8.2.4}% 62
\BOOKMARK [3][-]{subsubsection.8.2.4.8}{\376\377\0008\000.\0002\000.\0004\000.\0008\000\040\000g\000e\000t\000C\000u\000r\000r\000e\000n\000t\000B\000C\000m\000d\000\050\000\051}{subsection.8.2.4}% 63
\BOOKMARK [3][-]{subsubsection.8.2.4.9}{\376\377\0008\000.\0002\000.\0004\000.\0009\000\040\000g\000e\000t\000F\000l\000a\000g\000s\000\050\000\051\000\040\000[\0001\000/\0002\000]}{subsection.8.2.4}% 64
\BOOKMARK [3][-]{subsubsection.8.2.4.10}{\376\377\0008\000.\0002\000.\0004\000.\0001\0000\000\040\000g\000e\000t\000F\000l\000a\000g\000s\000\050\000\051\000\040\000[\0002\000/\0002\000]}{subsection.8.2.4}% 65
\BOOKMARK [3][-]{subsubsection.8.2.4.11}{\376\377\0008\000.\0002\000.\0004\000.\0001\0001\000\040\000g\000e\000t\000P\000o\000s\000i\000t\000i\000o\000n\000\050\000\051}{subsection.8.2.4}% 66
\BOOKMARK [3][-]{subsubsection.8.2.4.12}{\376\377\0008\000.\0002\000.\0004\000.\0001\0002\000\040\000g\000e\000t\000V\000e\000l\000o\000c\000i\000t\000y\000\050\000\051}{subsection.8.2.4}% 67
\BOOKMARK [3][-]{subsubsection.8.2.4.13}{\376\377\0008\000.\0002\000.\0004\000.\0001\0003\000\040\000h\000o\000m\000e\000\050\000\051}{subsection.8.2.4}% 68
\BOOKMARK [3][-]{subsubsection.8.2.4.14}{\376\377\0008\000.\0002\000.\0004\000.\0001\0004\000\040\000i\000n\000i\000t\000\050\000\051}{subsection.8.2.4}% 69
\BOOKMARK [3][-]{subsubsection.8.2.4.15}{\376\377\0008\000.\0002\000.\0004\000.\0001\0005\000\040\000i\000s\000B\000u\000s\000y\000\050\000\051}{subsection.8.2.4}% 70
\BOOKMARK [3][-]{subsubsection.8.2.4.16}{\376\377\0008\000.\0002\000.\0004\000.\0001\0006\000\040\000i\000s\000E\000n\000a\000b\000l\000e\000d\000\050\000\051}{subsection.8.2.4}% 71
\BOOKMARK [3][-]{subsubsection.8.2.4.17}{\376\377\0008\000.\0002\000.\0004\000.\0001\0007\000\040\000i\000s\000H\000o\000m\000e\000d\000\050\000\051}{subsection.8.2.4}% 72
\BOOKMARK [3][-]{subsubsection.8.2.4.18}{\376\377\0008\000.\0002\000.\0004\000.\0001\0008\000\040\000i\000s\000S\000t\000a\000l\000l\000e\000d\000\050\000\051}{subsection.8.2.4}% 73
\BOOKMARK [3][-]{subsubsection.8.2.4.19}{\376\377\0008\000.\0002\000.\0004\000.\0001\0009\000\040\000m\000o\000v\000e\000S\000t\000e\000p\000s\000\050\000\051}{subsection.8.2.4}% 74
\BOOKMARK [3][-]{subsubsection.8.2.4.20}{\376\377\0008\000.\0002\000.\0004\000.\0002\0000\000\040\000p\000o\000s\000t\000H\000o\000m\000i\000n\000g\000\050\000\051}{subsection.8.2.4}% 75
\BOOKMARK [3][-]{subsubsection.8.2.4.21}{\376\377\0008\000.\0002\000.\0004\000.\0002\0001\000\040\000s\000e\000t\000B\000r\000a\000k\000e\000M\000o\000d\000e\000\050\000\051}{subsection.8.2.4}% 76
\BOOKMARK [3][-]{subsubsection.8.2.4.22}{\376\377\0008\000.\0002\000.\0004\000.\0002\0002\000\040\000s\000e\000t\000D\000r\000i\000v\000e\000C\000u\000r\000r\000e\000n\000t\000\050\000\051}{subsection.8.2.4}% 77
\BOOKMARK [3][-]{subsubsection.8.2.4.23}{\376\377\0008\000.\0002\000.\0004\000.\0002\0003\000\040\000s\000e\000t\000H\000o\000l\000d\000C\000u\000r\000r\000e\000n\000t\000\050\000\051}{subsection.8.2.4}% 78
\BOOKMARK [3][-]{subsubsection.8.2.4.24}{\376\377\0008\000.\0002\000.\0004\000.\0002\0004\000\040\000s\000e\000t\000M\000a\000x\000A\000c\000c\000e\000l\000e\000r\000a\000t\000i\000o\000n\000\050\000\051}{subsection.8.2.4}% 79
\BOOKMARK [3][-]{subsubsection.8.2.4.25}{\376\377\0008\000.\0002\000.\0004\000.\0002\0005\000\040\000s\000e\000t\000M\000a\000x\000V\000e\000l\000o\000c\000i\000t\000y\000\050\000\051}{subsection.8.2.4}% 80
\BOOKMARK [3][-]{subsubsection.8.2.4.26}{\376\377\0008\000.\0002\000.\0004\000.\0002\0006\000\040\000s\000e\000t\000P\000o\000s\000i\000t\000i\000o\000n\000\050\000\051}{subsection.8.2.4}% 81
\BOOKMARK [3][-]{subsubsection.8.2.4.27}{\376\377\0008\000.\0002\000.\0004\000.\0002\0007\000\040\000s\000e\000t\000V\000e\000l\000o\000c\000i\000t\000y\000\050\000\051}{subsection.8.2.4}% 82
\BOOKMARK [3][-]{subsubsection.8.2.4.28}{\376\377\0008\000.\0002\000.\0004\000.\0002\0008\000\040\000s\000t\000a\000r\000t\000H\000o\000m\000i\000n\000g\000\050\000\051}{subsection.8.2.4}% 83
\BOOKMARK [3][-]{subsubsection.8.2.4.29}{\376\377\0008\000.\0002\000.\0004\000.\0002\0009\000\040\000s\000t\000o\000p\000\050\000\051}{subsection.8.2.4}% 84
\BOOKMARK [3][-]{subsubsection.8.2.4.30}{\376\377\0008\000.\0002\000.\0004\000.\0003\0000\000\040\000w\000a\000i\000t\000\137\000w\000h\000i\000l\000e\000\137\000b\000u\000s\000y\000\050\000\051}{subsection.8.2.4}% 85
\BOOKMARK [2][-]{subsection.8.2.5}{\376\377\0008\000.\0002\000.\0005\000\040\000M\000e\000m\000b\000e\000r\000\040\000D\000a\000t\000a\000\040\000D\000o\000c\000u\000m\000e\000n\000t\000a\000t\000i\000o\000n}{section.8.2}% 86
\BOOKMARK [3][-]{subsubsection.8.2.5.1}{\376\377\0008\000.\0002\000.\0005\000.\0001\000\040\000c\000u\000r\000r\000e\000n\000t\000\137\000b\000\137\000c\000m\000d}{subsection.8.2.5}% 87
\BOOKMARK [3][-]{subsubsection.8.2.5.2}{\376\377\0008\000.\0002\000.\0005\000.\0002\000\040\000f\000l\000a\000g\000s}{subsection.8.2.5}% 88
\BOOKMARK [3][-]{subsubsection.8.2.5.3}{\376\377\0008\000.\0002\000.\0005\000.\0003\000\040\000n\000a\000m\000e}{subsection.8.2.5}% 89
\BOOKMARK [1][-]{section.8.3}{\376\377\0008\000.\0003\000\040\000b\000i\000o\000s\000c\000a\000r\000a\000\137\000h\000a\000r\000d\000w\000a\000r\000e\000\137\000i\000n\000t\000e\000r\000f\000a\000c\000e\000s\000:\000:\000B\000i\000o\000s\000c\000a\000r\000a\000A\000r\000m\000H\000a\000r\000d\000w\000a\000r\000e\000I\000n\000t\000e\000r\000f\000a\000c\000e\000\040\000C\000l\000a\000s\000s\000\040\000R\000e\000f\000e\000r\000e\000n\000c\000e}{chapter.8}% 90
\BOOKMARK [2][-]{subsection.8.3.1}{\376\377\0008\000.\0003\000.\0001\000\040\000D\000e\000t\000a\000i\000l\000e\000d\000\040\000D\000e\000s\000c\000r\000i\000p\000t\000i\000o\000n}{section.8.3}% 91
\BOOKMARK [2][-]{subsection.8.3.2}{\376\377\0008\000.\0003\000.\0002\000\040\000M\000e\000m\000b\000e\000r\000\040\000F\000u\000n\000c\000t\000i\000o\000n\000\040\000D\000o\000c\000u\000m\000e\000n\000t\000a\000t\000i\000o\000n}{section.8.3}% 92
\BOOKMARK [3][-]{subsubsection.8.3.2.1}{\376\377\0008\000.\0003\000.\0002\000.\0001\000\040\000a\000c\000t\000i\000v\000a\000t\000e\000\137\000j\000o\000i\000n\000t\000\050\000\051}{subsection.8.3.2}% 93
\BOOKMARK [3][-]{subsubsection.8.3.2.2}{\376\377\0008\000.\0003\000.\0002\000.\0002\000\040\000d\000e\000a\000c\000t\000i\000v\000a\000t\000e\000\137\000j\000o\000i\000n\000t\000\050\000\051}{subsection.8.3.2}% 94
\BOOKMARK [3][-]{subsubsection.8.3.2.3}{\376\377\0008\000.\0003\000.\0002\000.\0003\000\040\000o\000n\000\137\000a\000c\000t\000i\000v\000a\000t\000e\000\050\000\051}{subsection.8.3.2}% 95
\BOOKMARK [3][-]{subsubsection.8.3.2.4}{\376\377\0008\000.\0003\000.\0002\000.\0004\000\040\000o\000n\000\137\000c\000l\000e\000a\000n\000u\000p\000\050\000\051}{subsection.8.3.2}% 96
\BOOKMARK [3][-]{subsubsection.8.3.2.5}{\376\377\0008\000.\0003\000.\0002\000.\0005\000\040\000o\000n\000\137\000c\000o\000n\000f\000i\000g\000u\000r\000e\000\050\000\051}{subsection.8.3.2}% 97
\BOOKMARK [3][-]{subsubsection.8.3.2.6}{\376\377\0008\000.\0003\000.\0002\000.\0006\000\040\000o\000n\000\137\000d\000e\000a\000c\000t\000i\000v\000a\000t\000e\000\050\000\051}{subsection.8.3.2}% 98
\BOOKMARK [3][-]{subsubsection.8.3.2.7}{\376\377\0008\000.\0003\000.\0002\000.\0007\000\040\000o\000n\000\137\000e\000r\000r\000o\000r\000\050\000\051}{subsection.8.3.2}% 99
\BOOKMARK [3][-]{subsubsection.8.3.2.8}{\376\377\0008\000.\0003\000.\0002\000.\0008\000\040\000o\000n\000\137\000i\000n\000i\000t\000\050\000\051}{subsection.8.3.2}% 100
\BOOKMARK [3][-]{subsubsection.8.3.2.9}{\376\377\0008\000.\0003\000.\0002\000.\0009\000\040\000o\000n\000\137\000s\000h\000u\000t\000d\000o\000w\000n\000\050\000\051}{subsection.8.3.2}% 101
\BOOKMARK [3][-]{subsubsection.8.3.2.10}{\376\377\0008\000.\0003\000.\0002\000.\0001\0000\000\040\000p\000e\000r\000f\000o\000r\000m\000\137\000c\000o\000m\000m\000a\000n\000d\000\137\000m\000o\000d\000e\000\137\000s\000w\000i\000t\000c\000h\000\050\000\051}{subsection.8.3.2}% 102
\BOOKMARK [3][-]{subsubsection.8.3.2.11}{\376\377\0008\000.\0003\000.\0002\000.\0001\0001\000\040\000p\000r\000e\000p\000a\000r\000e\000\137\000c\000o\000m\000m\000a\000n\000d\000\137\000m\000o\000d\000e\000\137\000s\000w\000i\000t\000c\000h\000\050\000\051}{subsection.8.3.2}% 103
\BOOKMARK [3][-]{subsubsection.8.3.2.12}{\376\377\0008\000.\0003\000.\0002\000.\0001\0002\000\040\000r\000e\000a\000d\000\050\000\051}{subsection.8.3.2}% 104
\BOOKMARK [3][-]{subsubsection.8.3.2.13}{\376\377\0008\000.\0003\000.\0002\000.\0001\0003\000\040\000s\000p\000l\000i\000t\000\137\000i\000n\000t\000e\000r\000f\000a\000c\000e\000\137\000s\000t\000r\000i\000n\000g\000\137\000t\000o\000\137\000j\000o\000i\000n\000t\000\137\000a\000n\000d\000\137\000n\000a\000m\000e\000\050\000\051}{subsection.8.3.2}% 105
\BOOKMARK [3][-]{subsubsection.8.3.2.14}{\376\377\0008\000.\0003\000.\0002\000.\0001\0004\000\040\000s\000t\000a\000r\000t\000\137\000h\000o\000m\000i\000n\000g\000\050\000\051}{subsection.8.3.2}% 106
\BOOKMARK [3][-]{subsubsection.8.3.2.15}{\376\377\0008\000.\0003\000.\0002\000.\0001\0005\000\040\000s\000t\000o\000p\000\137\000h\000o\000m\000i\000n\000g\000\050\000\051}{subsection.8.3.2}% 107
\BOOKMARK [3][-]{subsubsection.8.3.2.16}{\376\377\0008\000.\0003\000.\0002\000.\0001\0006\000\040\000w\000r\000i\000t\000e\000\050\000\051}{subsection.8.3.2}% 108
\BOOKMARK [2][-]{subsection.8.3.3}{\376\377\0008\000.\0003\000.\0003\000\040\000M\000e\000m\000b\000e\000r\000\040\000D\000a\000t\000a\000\040\000D\000o\000c\000u\000m\000e\000n\000t\000a\000t\000i\000o\000n}{section.8.3}% 109
\BOOKMARK [3][-]{subsubsection.8.3.3.1}{\376\377\0008\000.\0003\000.\0003\000.\0001\000\040\000\137\000j\000o\000i\000n\000t\000\137\000c\000f\000g}{subsection.8.3.3}% 110
\BOOKMARK [3][-]{subsubsection.8.3.3.2}{\376\377\0008\000.\0003\000.\0003\000.\0002\000\040\000\137\000j\000o\000i\000n\000t\000\137\000c\000o\000m\000m\000a\000n\000d\000\137\000m\000o\000d\000e\000s}{subsection.8.3.3}% 111
\BOOKMARK [3][-]{subsubsection.8.3.3.3}{\376\377\0008\000.\0003\000.\0003\000.\0003\000\040\000\137\000j\000o\000i\000n\000t\000s}{subsection.8.3.3}% 112
\BOOKMARK [3][-]{subsubsection.8.3.3.4}{\376\377\0008\000.\0003\000.\0003\000.\0004\000\040\000\137\000n\000e\000w\000\137\000j\000o\000i\000n\000t\000\137\000c\000o\000m\000m\000a\000n\000d\000\137\000m\000o\000d\000e\000s}{subsection.8.3.3}% 113
\BOOKMARK [3][-]{subsubsection.8.3.3.5}{\376\377\0008\000.\0003\000.\0003\000.\0005\000\040\000\137\000o\000r\000d\000e\000r\000e\000d\000\137\000j\000o\000i\000n\000t\000\137\000s\000t\000a\000t\000e\000\137\000i\000n\000t\000e\000r\000f\000a\000c\000e\000s\000\137\000p\000t\000r}{subsection.8.3.3}% 114
\BOOKMARK [3][-]{subsubsection.8.3.3.6}{\376\377\0008\000.\0003\000.\0003\000.\0006\000\040\000m\000t\000x}{subsection.8.3.3}% 115
\BOOKMARK [1][-]{section.8.4}{\376\377\0008\000.\0004\000\040\000b\000i\000o\000s\000c\000a\000r\000a\000\137\000h\000a\000r\000d\000w\000a\000r\000e\000\137\000i\000n\000t\000e\000r\000f\000a\000c\000e\000s\000:\000:\000B\000i\000o\000s\000c\000a\000r\000a\000G\000r\000i\000p\000p\000e\000r\000H\000a\000r\000d\000w\000a\000r\000e\000I\000n\000t\000e\000r\000f\000a\000c\000e\000\040\000C\000l\000a\000s\000s\000\040\000R\000e\000f\000e\000r\000e\000n\000c\000e}{chapter.8}% 116
\BOOKMARK [2][-]{subsection.8.4.1}{\376\377\0008\000.\0004\000.\0001\000\040\000D\000e\000t\000a\000i\000l\000e\000d\000\040\000D\000e\000s\000c\000r\000i\000p\000t\000i\000o\000n}{section.8.4}% 117
\BOOKMARK [2][-]{subsection.8.4.2}{\376\377\0008\000.\0004\000.\0002\000\040\000M\000e\000m\000b\000e\000r\000\040\000F\000u\000n\000c\000t\000i\000o\000n\000\040\000D\000o\000c\000u\000m\000e\000n\000t\000a\000t\000i\000o\000n}{section.8.4}% 118
\BOOKMARK [3][-]{subsubsection.8.4.2.1}{\376\377\0008\000.\0004\000.\0002\000.\0001\000\040\000o\000n\000\137\000a\000c\000t\000i\000v\000a\000t\000e\000\050\000\051}{subsection.8.4.2}% 119
\BOOKMARK [3][-]{subsubsection.8.4.2.2}{\376\377\0008\000.\0004\000.\0002\000.\0002\000\040\000o\000n\000\137\000c\000l\000e\000a\000n\000u\000p\000\050\000\051}{subsection.8.4.2}% 120
\BOOKMARK [3][-]{subsubsection.8.4.2.3}{\376\377\0008\000.\0004\000.\0002\000.\0003\000\040\000o\000n\000\137\000c\000o\000n\000f\000i\000g\000u\000r\000e\000\050\000\051}{subsection.8.4.2}% 121
\BOOKMARK [3][-]{subsubsection.8.4.2.4}{\376\377\0008\000.\0004\000.\0002\000.\0004\000\040\000o\000n\000\137\000d\000e\000a\000c\000t\000i\000v\000a\000t\000e\000\050\000\051}{subsection.8.4.2}% 122
\BOOKMARK [3][-]{subsubsection.8.4.2.5}{\376\377\0008\000.\0004\000.\0002\000.\0005\000\040\000o\000n\000\137\000e\000r\000r\000o\000r\000\050\000\051}{subsection.8.4.2}% 123
\BOOKMARK [3][-]{subsubsection.8.4.2.6}{\376\377\0008\000.\0004\000.\0002\000.\0006\000\040\000o\000n\000\137\000i\000n\000i\000t\000\050\000\051}{subsection.8.4.2}% 124
\BOOKMARK [3][-]{subsubsection.8.4.2.7}{\376\377\0008\000.\0004\000.\0002\000.\0007\000\040\000o\000n\000\137\000s\000h\000u\000t\000d\000o\000w\000n\000\050\000\051}{subsection.8.4.2}% 125
\BOOKMARK [3][-]{subsubsection.8.4.2.8}{\376\377\0008\000.\0004\000.\0002\000.\0008\000\040\000r\000e\000a\000d\000\050\000\051}{subsection.8.4.2}% 126
\BOOKMARK [3][-]{subsubsection.8.4.2.9}{\376\377\0008\000.\0004\000.\0002\000.\0009\000\040\000w\000r\000i\000t\000e\000\050\000\051}{subsection.8.4.2}% 127
\BOOKMARK [2][-]{subsection.8.4.3}{\376\377\0008\000.\0004\000.\0003\000\040\000M\000e\000m\000b\000e\000r\000\040\000D\000a\000t\000a\000\040\000D\000o\000c\000u\000m\000e\000n\000t\000a\000t\000i\000o\000n}{section.8.4}% 128
\BOOKMARK [3][-]{subsubsection.8.4.3.1}{\376\377\0008\000.\0004\000.\0003\000.\0001\000\040\000\137\000g\000r\000i\000p\000p\000e\000r}{subsection.8.4.3}% 129
\BOOKMARK [3][-]{subsubsection.8.4.3.2}{\376\377\0008\000.\0004\000.\0003\000.\0002\000\040\000\137\000g\000r\000i\000p\000p\000e\000r\000\137\000c\000f\000g}{subsection.8.4.3}% 130
\BOOKMARK [3][-]{subsubsection.8.4.3.3}{\376\377\0008\000.\0004\000.\0003\000.\0003\000\040\000\137\000l\000a\000s\000t\000\137\000p\000o\000s}{subsection.8.4.3}% 131
\BOOKMARK [3][-]{subsubsection.8.4.3.4}{\376\377\0008\000.\0004\000.\0003\000.\0004\000\040\000\137\000v\000e\000l}{subsection.8.4.3}% 132
\BOOKMARK [1][-]{section.8.5}{\376\377\0008\000.\0005\000\040\000b\000i\000o\000s\000c\000a\000r\000a\000\137\000r\000v\000i\000z\000\137\000p\000l\000u\000g\000i\000n\000:\000:\000B\000i\000o\000s\000c\000a\000r\000a\000P\000a\000n\000e\000l\000\040\000C\000l\000a\000s\000s\000\040\000R\000e\000f\000e\000r\000e\000n\000c\000e}{chapter.8}% 133
\BOOKMARK [2][-]{subsection.8.5.1}{\376\377\0008\000.\0005\000.\0001\000\040\000D\000e\000t\000a\000i\000l\000e\000d\000\040\000D\000e\000s\000c\000r\000i\000p\000t\000i\000o\000n}{section.8.5}% 134
\BOOKMARK [2][-]{subsection.8.5.2}{\376\377\0008\000.\0005\000.\0002\000\040\000C\000o\000n\000s\000t\000r\000u\000c\000t\000o\000r\000\040\000\046\000\040\000D\000e\000s\000t\000r\000u\000c\000t\000o\000r\000\040\000D\000o\000c\000u\000m\000e\000n\000t\000a\000t\000i\000o\000n}{section.8.5}% 135
\BOOKMARK [3][-]{subsubsection.8.5.2.1}{\376\377\0008\000.\0005\000.\0002\000.\0001\000\040\000B\000i\000o\000s\000c\000a\000r\000a\000P\000a\000n\000e\000l\000\050\000\051}{subsection.8.5.2}% 136
\BOOKMARK [3][-]{subsubsection.8.5.2.2}{\376\377\0008\000.\0005\000.\0002\000.\0002\000\040\000~\000B\000i\000o\000s\000c\000a\000r\000a\000P\000a\000n\000e\000l\000\050\000\051}{subsection.8.5.2}% 137
\BOOKMARK [2][-]{subsection.8.5.3}{\376\377\0008\000.\0005\000.\0003\000\040\000M\000e\000m\000b\000e\000r\000\040\000F\000u\000n\000c\000t\000i\000o\000n\000\040\000D\000o\000c\000u\000m\000e\000n\000t\000a\000t\000i\000o\000n}{section.8.5}% 138
\BOOKMARK [3][-]{subsubsection.8.5.3.1}{\376\377\0008\000.\0005\000.\0003\000.\0001\000\040\000a\000r\000m\000\137\000e\000n\000\137\000b\000t\000n\000\137\000c\000b}{subsection.8.5.3}% 139
\BOOKMARK [3][-]{subsubsection.8.5.3.2}{\376\377\0008\000.\0005\000.\0003\000.\0002\000\040\000c\000h\000e\000c\000k\000\137\000a\000c\000t\000i\000v\000a\000t\000i\000o\000n\000\137\000c\000o\000n\000d\000i\000t\000i\000o\000n\000s\000\050\000\051}{subsection.8.5.3}% 140
\BOOKMARK [3][-]{subsubsection.8.5.3.3}{\376\377\0008\000.\0005\000.\0003\000.\0003\000\040\000c\000m\000\137\000s\000t\000a\000t\000e\000\137\000c\000a\000l\000l\000b\000a\000c\000k\000\050\000\051}{subsection.8.5.3}% 141
\BOOKMARK [3][-]{subsubsection.8.5.3.4}{\376\377\0008\000.\0005\000.\0003\000.\0004\000\040\000c\000o\000n\000f\000i\000g\000u\000r\000e\000\137\000c\000o\000n\000t\000r\000o\000l\000l\000e\000r\000\050\000\051}{subsection.8.5.3}% 142
\BOOKMARK [3][-]{subsubsection.8.5.3.5}{\376\377\0008\000.\0005\000.\0003\000.\0005\000\040\000c\000t\000r\000l\000\137\000e\000n\000\137\000b\000t\000n\000\137\000c\000b\000\050\000\051}{subsection.8.5.3}% 143
\BOOKMARK [3][-]{subsubsection.8.5.3.6}{\376\377\0008\000.\0005\000.\0003\000.\0006\000\040\000d\000y\000n\000a\000m\000i\000c\000\137\000j\000o\000i\000n\000t\000\137\000s\000t\000a\000t\000e\000\137\000m\000s\000g\000\137\000t\000o\000\137\000m\000a\000p\000\050\000\051}{subsection.8.5.3}% 144
\BOOKMARK [3][-]{subsubsection.8.5.3.7}{\376\377\0008\000.\0005\000.\0003\000.\0007\000\040\000e\000n\000s\000u\000r\000e\000\137\000j\000s\000b\000\137\000i\000s\000\137\000a\000c\000t\000i\000v\000e\000\050\000\051}{subsection.8.5.3}% 145
\BOOKMARK [3][-]{subsubsection.8.5.3.8}{\376\377\0008\000.\0005\000.\0003\000.\0008\000\040\000g\000r\000i\000p\000p\000e\000r\000\137\000e\000n\000\137\000b\000t\000n\000\137\000c\000b}{subsection.8.5.3}% 146
\BOOKMARK [3][-]{subsubsection.8.5.3.9}{\376\377\0008\000.\0005\000.\0003\000.\0009\000\040\000h\000o\000m\000i\000n\000g\000\137\000c\000m\000d\000\050\000\051}{subsection.8.5.3}% 147
\BOOKMARK [3][-]{subsubsection.8.5.3.10}{\376\377\0008\000.\0005\000.\0003\000.\0001\0000\000\040\000j\000o\000i\000n\000t\000\137\000s\000t\000a\000t\000e\000\137\000c\000a\000l\000l\000b\000a\000c\000k\000\050\000\051}{subsection.8.5.3}% 148
\BOOKMARK [3][-]{subsubsection.8.5.3.11}{\376\377\0008\000.\0005\000.\0003\000.\0001\0001\000\040\000n\000a\000m\000e\000d\000\137\000l\000c\000s\000\137\000m\000s\000g\000\137\000t\000o\000\137\000m\000a\000p\000\050\000\051}{subsection.8.5.3}% 149
\BOOKMARK [3][-]{subsubsection.8.5.3.12}{\376\377\0008\000.\0005\000.\0003\000.\0001\0002\000\040\000o\000n\000I\000n\000i\000t\000i\000a\000l\000i\000z\000e\000\050\000\051}{subsection.8.5.3}% 150
\BOOKMARK [3][-]{subsubsection.8.5.3.13}{\376\377\0008\000.\0005\000.\0003\000.\0001\0003\000\040\000p\000r\000e\000p\000o\000p\000u\000l\000a\000t\000e\000\137\000j\000o\000i\000n\000t\000\137\000s\000t\000a\000t\000e\000\137\000m\000a\000p\000\050\000\051}{subsection.8.5.3}% 151
\BOOKMARK [3][-]{subsubsection.8.5.3.14}{\376\377\0008\000.\0005\000.\0003\000.\0001\0004\000\040\000p\000r\000e\000p\000o\000p\000u\000l\000a\000t\000e\000\137\000s\000t\000a\000t\000e\000\137\000m\000a\000p\000\050\000\051}{subsection.8.5.3}% 152
\BOOKMARK [3][-]{subsubsection.8.5.3.15}{\376\377\0008\000.\0005\000.\0003\000.\0001\0005\000\040\000p\000r\000i\000n\000t\000\137\000c\000m\000\137\000m\000a\000p\000\050\000\051}{subsection.8.5.3}% 153
\BOOKMARK [3][-]{subsubsection.8.5.3.16}{\376\377\0008\000.\0005\000.\0003\000.\0001\0006\000\040\000s\000e\000t\000\137\000c\000o\000n\000t\000r\000o\000l\000l\000e\000r\000\137\000s\000t\000a\000t\000e\000\050\000\051}{subsection.8.5.3}% 154
\BOOKMARK [3][-]{subsubsection.8.5.3.17}{\376\377\0008\000.\0005\000.\0003\000.\0001\0007\000\040\000s\000e\000t\000\137\000e\000n\000\137\000b\000t\000n\000\050\000\051}{subsection.8.5.3}% 155
\BOOKMARK [3][-]{subsubsection.8.5.3.18}{\376\377\0008\000.\0005\000.\0003\000.\0001\0008\000\040\000s\000e\000t\000\137\000h\000a\000r\000d\000w\000a\000r\000e\000\137\000c\000o\000m\000p\000o\000n\000e\000n\000t\000\137\000s\000t\000a\000t\000e\000\050\000\051}{subsection.8.5.3}% 156
\BOOKMARK [3][-]{subsubsection.8.5.3.19}{\376\377\0008\000.\0005\000.\0003\000.\0001\0009\000\040\000s\000e\000t\000\137\000h\000o\000m\000i\000n\000g\000\137\000s\000t\000a\000t\000e\000\137\000l\000a\000b\000e\000l\000\050\000\051}{subsection.8.5.3}% 157
\BOOKMARK [3][-]{subsubsection.8.5.3.20}{\376\377\0008\000.\0005\000.\0003\000.\0002\0000\000\040\000s\000e\000t\000\137\000s\000t\000a\000t\000e\000\137\000l\000a\000b\000e\000l\000\050\000\051}{subsection.8.5.3}% 158
\BOOKMARK [3][-]{subsubsection.8.5.3.21}{\376\377\0008\000.\0005\000.\0003\000.\0002\0001\000\040\000s\000w\000i\000t\000c\000h\000\137\000c\000o\000n\000t\000r\000o\000l\000l\000e\000r\000s\000\050\000\051}{subsection.8.5.3}% 159
\BOOKMARK [3][-]{subsubsection.8.5.3.22}{\376\377\0008\000.\0005\000.\0003\000.\0002\0002\000\040\000t\000a\000r\000g\000e\000t\000\137\000s\000t\000a\000t\000e\000\137\000f\000r\000o\000m\000\137\000c\000u\000r\000r\000e\000n\000t\000\050\000\051}{subsection.8.5.3}% 160
\BOOKMARK [3][-]{subsubsection.8.5.3.23}{\376\377\0008\000.\0005\000.\0003\000.\0002\0003\000\040\000u\000p\000d\000a\000t\000e\000\137\000h\000o\000m\000i\000n\000g\000\137\000g\000r\000p\000\137\000s\000t\000a\000t\000e\000\050\000\051}{subsection.8.5.3}% 161
\BOOKMARK [3][-]{subsubsection.8.5.3.24}{\376\377\0008\000.\0005\000.\0003\000.\0002\0004\000\040\000u\000p\000d\000a\000t\000e\000\137\000h\000o\000m\000i\000n\000g\000\137\000s\000t\000a\000t\000e\000\137\000l\000a\000b\000e\000l\000s\000\050\000\051}{subsection.8.5.3}% 162
\BOOKMARK [3][-]{subsubsection.8.5.3.25}{\376\377\0008\000.\0005\000.\0003\000.\0002\0005\000\040\000u\000p\000d\000a\000t\000e\000\137\000s\000t\000a\000t\000e\000\137\000l\000a\000b\000e\000l\000\137\000a\000n\000d\000\137\000b\000t\000n\000\050\000\051}{subsection.8.5.3}% 163
\BOOKMARK [3][-]{subsubsection.8.5.3.26}{\376\377\0008\000.\0005\000.\0003\000.\0002\0006\000\040\000u\000p\000d\000a\000t\000e\000\137\000s\000t\000a\000t\000e\000\137\000l\000a\000b\000e\000l\000s\000\137\000a\000n\000d\000\137\000b\000t\000n\000s\000\050\000\051}{subsection.8.5.3}% 164
\BOOKMARK [2][-]{subsection.8.5.4}{\376\377\0008\000.\0005\000.\0004\000\040\000M\000e\000m\000b\000e\000r\000\040\000D\000a\000t\000a\000\040\000D\000o\000c\000u\000m\000e\000n\000t\000a\000t\000i\000o\000n}{section.8.5}% 165
\BOOKMARK [3][-]{subsubsection.8.5.4.1}{\376\377\0008\000.\0005\000.\0004\000.\0001\000\040\000c\000m\000\137\000s\000t\000a\000t\000e\000\137\000s\000u\000b\000s\000r\000i\000p\000t\000i\000o\000n\000\137}{subsection.8.5.4}% 166
\BOOKMARK [3][-]{subsubsection.8.5.4.2}{\376\377\0008\000.\0005\000.\0004\000.\0002\000\040\000c\000o\000n\000f\000i\000g\000u\000r\000e\000\137\000c\000o\000n\000t\000r\000o\000l\000l\000e\000r\000\137\000c\000l\000i\000e\000n\000t\000\137}{subsection.8.5.4}% 167
\BOOKMARK [3][-]{subsubsection.8.5.4.3}{\376\377\0008\000.\0005\000.\0004\000.\0003\000\040\000c\000o\000n\000t\000r\000o\000l\000l\000e\000r\000\137\000s\000t\000a\000t\000e\000s\000\137}{subsection.8.5.4}% 168
\BOOKMARK [3][-]{subsubsection.8.5.4.4}{\376\377\0008\000.\0005\000.\0004\000.\0004\000\040\000h\000a\000r\000d\000w\000a\000r\000e\000\137\000s\000t\000a\000t\000e\000\137\000c\000l\000i\000e\000n\000t\000\137}{subsection.8.5.4}% 169
\BOOKMARK [3][-]{subsubsection.8.5.4.5}{\376\377\0008\000.\0005\000.\0004\000.\0005\000\040\000h\000a\000r\000d\000w\000a\000r\000e\000\137\000s\000t\000a\000t\000e\000s\000\137}{subsection.8.5.4}% 170
\BOOKMARK [3][-]{subsubsection.8.5.4.6}{\376\377\0008\000.\0005\000.\0004\000.\0006\000\040\000h\000o\000m\000i\000n\000g\000\137\000p\000u\000b\000l\000i\000s\000h\000e\000r\000\137}{subsection.8.5.4}% 171
\BOOKMARK [3][-]{subsubsection.8.5.4.7}{\376\377\0008\000.\0005\000.\0004\000.\0007\000\040\000j\000o\000i\000n\000t\000\137\000s\000t\000a\000t\000e\000\137\000s\000u\000b\000s\000r\000i\000p\000t\000i\000o\000n\000\137}{subsection.8.5.4}% 172
\BOOKMARK [3][-]{subsubsection.8.5.4.8}{\376\377\0008\000.\0005\000.\0004\000.\0008\000\040\000j\000o\000i\000n\000t\000\137\000s\000t\000a\000t\000e\000s\000\137}{subsection.8.5.4}% 173
\BOOKMARK [3][-]{subsubsection.8.5.4.9}{\376\377\0008\000.\0005\000.\0004\000.\0009\000\040\000n\000o\000d\000e\000\137}{subsection.8.5.4}% 174
\BOOKMARK [3][-]{subsubsection.8.5.4.10}{\376\377\0008\000.\0005\000.\0004\000.\0001\0000\000\040\000p\000r\000u\000n\000e\000\137\000t\000i\000m\000e\000r\000\137}{subsection.8.5.4}% 175
\BOOKMARK [3][-]{subsubsection.8.5.4.11}{\376\377\0008\000.\0005\000.\0004\000.\0001\0001\000\040\000s\000w\000i\000t\000c\000h\000\137\000c\000o\000n\000t\000r\000o\000l\000l\000e\000r\000\137\000c\000l\000i\000e\000n\000t\000\137}{subsection.8.5.4}% 176
\BOOKMARK [3][-]{subsubsection.8.5.4.12}{\376\377\0008\000.\0005\000.\0004\000.\0001\0002\000\040\000u\000i\000\137}{subsection.8.5.4}% 177
\BOOKMARK [1][-]{section.8.6}{\376\377\0008\000.\0006\000\040\000b\000i\000o\000s\000c\000a\000r\000a\000\137\000h\000a\000r\000d\000w\000a\000r\000e\000\137\000d\000r\000i\000v\000e\000r\000s\000:\000:\000G\000r\000i\000p\000p\000e\000r\000\040\000C\000l\000a\000s\000s\000\040\000R\000e\000f\000e\000r\000e\000n\000c\000e}{chapter.8}% 178
\BOOKMARK [2][-]{subsection.8.6.1}{\376\377\0008\000.\0006\000.\0001\000\040\000D\000e\000t\000a\000i\000l\000e\000d\000\040\000D\000e\000s\000c\000r\000i\000p\000t\000i\000o\000n}{section.8.6}% 179
\BOOKMARK [2][-]{subsection.8.6.2}{\376\377\0008\000.\0006\000.\0002\000\040\000C\000o\000n\000s\000t\000r\000u\000c\000t\000o\000r\000\040\000\046\000\040\000D\000e\000s\000t\000r\000u\000c\000t\000o\000r\000\040\000D\000o\000c\000u\000m\000e\000n\000t\000a\000t\000i\000o\000n}{section.8.6}% 180
\BOOKMARK [3][-]{subsubsection.8.6.2.1}{\376\377\0008\000.\0006\000.\0002\000.\0001\000\040\000G\000r\000i\000p\000p\000e\000r\000\050\000\051}{subsection.8.6.2}% 181
\BOOKMARK [2][-]{subsection.8.6.3}{\376\377\0008\000.\0006\000.\0003\000\040\000M\000e\000m\000b\000e\000r\000\040\000F\000u\000n\000c\000t\000i\000o\000n\000\040\000D\000o\000c\000u\000m\000e\000n\000t\000a\000t\000i\000o\000n}{section.8.6}% 182
\BOOKMARK [3][-]{subsubsection.8.6.3.1}{\376\377\0008\000.\0006\000.\0003\000.\0001\000\040\000d\000i\000s\000a\000b\000l\000e\000\050\000\051}{subsection.8.6.3}% 183
\BOOKMARK [3][-]{subsubsection.8.6.3.2}{\376\377\0008\000.\0006\000.\0003\000.\0002\000\040\000e\000n\000a\000b\000l\000e\000\050\000\051}{subsection.8.6.3}% 184
\BOOKMARK [3][-]{subsubsection.8.6.3.3}{\376\377\0008\000.\0006\000.\0003\000.\0003\000\040\000s\000e\000t\000P\000o\000s\000i\000t\000i\000o\000n\000\050\000\051}{subsection.8.6.3}% 185
\BOOKMARK [3][-]{subsubsection.8.6.3.4}{\376\377\0008\000.\0006\000.\0003\000.\0004\000\040\000s\000e\000t\000S\000e\000r\000v\000o\000P\000o\000s\000i\000t\000i\000o\000n\000\050\000\051}{subsection.8.6.3}% 186
\BOOKMARK [2][-]{subsection.8.6.4}{\376\377\0008\000.\0006\000.\0004\000\040\000M\000e\000m\000b\000e\000r\000\040\000D\000a\000t\000a\000\040\000D\000o\000c\000u\000m\000e\000n\000t\000a\000t\000i\000o\000n}{section.8.6}% 187
\BOOKMARK [3][-]{subsubsection.8.6.4.1}{\376\377\0008\000.\0006\000.\0004\000.\0001\000\040\000\137\000f\000r\000e\000q}{subsection.8.6.4}% 188
\BOOKMARK [3][-]{subsubsection.8.6.4.2}{\376\377\0008\000.\0006\000.\0004\000.\0002\000\040\000\137\000p\000w\000m}{subsection.8.6.4}% 189
\BOOKMARK [1][-]{section.8.7}{\376\377\0008\000.\0007\000\040\000b\000i\000o\000s\000c\000a\000r\000a\000\137\000h\000a\000r\000d\000w\000a\000r\000e\000\137\000i\000n\000t\000e\000r\000f\000a\000c\000e\000s\000:\000:\000B\000i\000o\000s\000c\000a\000r\000a\000G\000r\000i\000p\000p\000e\000r\000H\000a\000r\000d\000w\000a\000r\000e\000I\000n\000t\000e\000r\000f\000a\000c\000e\000:\000:\000g\000r\000i\000p\000p\000e\000r\000\137\000c\000o\000n\000f\000i\000g\000\137\000t\000\040\000S\000t\000r\000u\000c\000t\000\040\000R\000e\000f\000e\000r\000e\000n\000c\000e}{chapter.8}% 190
\BOOKMARK [2][-]{subsection.8.7.1}{\376\377\0008\000.\0007\000.\0001\000\040\000D\000e\000t\000a\000i\000l\000e\000d\000\040\000D\000e\000s\000c\000r\000i\000p\000t\000i\000o\000n}{section.8.7}% 191
\BOOKMARK [2][-]{subsection.8.7.2}{\376\377\0008\000.\0007\000.\0002\000\040\000M\000e\000m\000b\000e\000r\000\040\000D\000a\000t\000a\000\040\000D\000o\000c\000u\000m\000e\000n\000t\000a\000t\000i\000o\000n}{section.8.7}% 192
\BOOKMARK [3][-]{subsubsection.8.7.2.1}{\376\377\0008\000.\0007\000.\0002\000.\0001\000\040\000i\000n\000i\000t\000\137\000p\000o\000s}{subsection.8.7.2}% 193
\BOOKMARK [3][-]{subsubsection.8.7.2.2}{\376\377\0008\000.\0007\000.\0002\000.\0002\000\040\000m\000a\000x}{subsection.8.7.2}% 194
\BOOKMARK [3][-]{subsubsection.8.7.2.3}{\376\377\0008\000.\0007\000.\0002\000.\0003\000\040\000m\000i\000n}{subsection.8.7.2}% 195
\BOOKMARK [3][-]{subsubsection.8.7.2.4}{\376\377\0008\000.\0007\000.\0002\000.\0004\000\040\000o\000f\000f\000s\000e\000t}{subsection.8.7.2}% 196
\BOOKMARK [3][-]{subsubsection.8.7.2.5}{\376\377\0008\000.\0007\000.\0002\000.\0005\000\040\000r\000e\000d\000u\000c\000t\000i\000o\000n}{subsection.8.7.2}% 197
\BOOKMARK [1][-]{section.8.8}{\376\377\0008\000.\0008\000\040\000b\000i\000o\000s\000c\000a\000r\000a\000\137\000h\000a\000r\000d\000w\000a\000r\000e\000\137\000d\000r\000i\000v\000e\000r\000s\000:\000:\000J\000o\000i\000n\000t\000\040\000C\000l\000a\000s\000s\000\040\000R\000e\000f\000e\000r\000e\000n\000c\000e}{chapter.8}% 198
\BOOKMARK [2][-]{subsection.8.8.1}{\376\377\0008\000.\0008\000.\0001\000\040\000D\000e\000t\000a\000i\000l\000e\000d\000\040\000D\000e\000s\000c\000r\000i\000p\000t\000i\000o\000n}{section.8.8}% 199
\BOOKMARK [2][-]{subsection.8.8.2}{\376\377\0008\000.\0008\000.\0002\000\040\000C\000o\000n\000s\000t\000r\000u\000c\000t\000o\000r\000\040\000\046\000\040\000D\000e\000s\000t\000r\000u\000c\000t\000o\000r\000\040\000D\000o\000c\000u\000m\000e\000n\000t\000a\000t\000i\000o\000n}{section.8.8}% 200
\BOOKMARK [3][-]{subsubsection.8.8.2.1}{\376\377\0008\000.\0008\000.\0002\000.\0001\000\040\000J\000o\000i\000n\000t\000\050\000\051}{subsection.8.8.2}% 201
\BOOKMARK [3][-]{subsubsection.8.8.2.2}{\376\377\0008\000.\0008\000.\0002\000.\0002\000\040\000~\000J\000o\000i\000n\000t\000\050\000\051}{subsection.8.8.2}% 202
\BOOKMARK [2][-]{subsection.8.8.3}{\376\377\0008\000.\0008\000.\0003\000\040\000M\000e\000m\000b\000e\000r\000\040\000F\000u\000n\000c\000t\000i\000o\000n\000\040\000D\000o\000c\000u\000m\000e\000n\000t\000a\000t\000i\000o\000n}{section.8.8}% 203
\BOOKMARK [3][-]{subsubsection.8.8.3.1}{\376\377\0008\000.\0008\000.\0003\000.\0001\000\040\000\137\000h\000o\000m\000e\000\050\000\051}{subsection.8.8.3}% 204
\BOOKMARK [3][-]{subsubsection.8.8.3.2}{\376\377\0008\000.\0008\000.\0003\000.\0002\000\040\000c\000h\000e\000c\000k\000C\000o\000m\000\050\000\051}{subsection.8.8.3}% 205
\BOOKMARK [3][-]{subsubsection.8.8.3.3}{\376\377\0008\000.\0008\000.\0003\000.\0003\000\040\000c\000h\000e\000c\000k\000O\000r\000i\000e\000n\000t\000a\000t\000i\000o\000n\000\050\000\051}{subsection.8.8.3}% 206
\BOOKMARK [3][-]{subsubsection.8.8.3.4}{\376\377\0008\000.\0008\000.\0003\000.\0004\000\040\000d\000e\000i\000n\000i\000t\000\050\000\051}{subsection.8.8.3}% 207
\BOOKMARK [3][-]{subsubsection.8.8.3.5}{\376\377\0008\000.\0008\000.\0003\000.\0005\000\040\000d\000i\000s\000a\000b\000l\000e\000C\000L\000\050\000\051}{subsection.8.8.3}% 208
\BOOKMARK [3][-]{subsubsection.8.8.3.6}{\376\377\0008\000.\0008\000.\0003\000.\0006\000\040\000e\000n\000a\000b\000l\000e\000\050\000\051}{subsection.8.8.3}% 209
\BOOKMARK [3][-]{subsubsection.8.8.3.7}{\376\377\0008\000.\0008\000.\0003\000.\0007\000\040\000e\000n\000a\000b\000l\000e\000S\000t\000a\000l\000l\000g\000u\000a\000r\000d\000\050\000\051}{subsection.8.8.3}% 210
\BOOKMARK [3][-]{subsubsection.8.8.3.8}{\376\377\0008\000.\0008\000.\0003\000.\0008\000\040\000g\000e\000t\000F\000l\000a\000g\000s\000\050\000\051}{subsection.8.8.3}% 211
\BOOKMARK [3][-]{subsubsection.8.8.3.9}{\376\377\0008\000.\0008\000.\0003\000.\0009\000\040\000g\000e\000t\000H\000o\000m\000i\000n\000g\000O\000f\000f\000s\000e\000t\000\050\000\051}{subsection.8.8.3}% 212
\BOOKMARK [3][-]{subsubsection.8.8.3.10}{\376\377\0008\000.\0008\000.\0003\000.\0001\0000\000\040\000g\000e\000t\000P\000o\000s\000i\000t\000i\000o\000n\000\050\000\051}{subsection.8.8.3}% 213
\BOOKMARK [3][-]{subsubsection.8.8.3.11}{\376\377\0008\000.\0008\000.\0003\000.\0001\0001\000\040\000g\000e\000t\000V\000e\000l\000o\000c\000i\000t\000y\000\050\000\051}{subsection.8.8.3}% 214
\BOOKMARK [3][-]{subsubsection.8.8.3.12}{\376\377\0008\000.\0008\000.\0003\000.\0001\0002\000\040\000i\000n\000i\000t\000\050\000\051}{subsection.8.8.3}% 215
\BOOKMARK [3][-]{subsubsection.8.8.3.13}{\376\377\0008\000.\0008\000.\0003\000.\0001\0003\000\040\000m\000o\000v\000e\000S\000t\000e\000p\000s\000\050\000\051}{subsection.8.8.3}% 216
\BOOKMARK [3][-]{subsubsection.8.8.3.14}{\376\377\0008\000.\0008\000.\0003\000.\0001\0004\000\040\000p\000o\000s\000t\000H\000o\000m\000i\000n\000g\000\050\000\051}{subsection.8.8.3}% 217
\BOOKMARK [3][-]{subsubsection.8.8.3.15}{\376\377\0008\000.\0008\000.\0003\000.\0001\0005\000\040\000r\000e\000a\000d\000\050\000\051}{subsection.8.8.3}% 218
\BOOKMARK [3][-]{subsubsection.8.8.3.16}{\376\377\0008\000.\0008\000.\0003\000.\0001\0006\000\040\000s\000e\000t\000B\000r\000a\000k\000e\000M\000o\000d\000e\000\050\000\051}{subsection.8.8.3}% 219
\BOOKMARK [3][-]{subsubsection.8.8.3.17}{\376\377\0008\000.\0008\000.\0003\000.\0001\0007\000\040\000s\000e\000t\000D\000r\000i\000v\000e\000C\000u\000r\000r\000e\000n\000t\000\050\000\051}{subsection.8.8.3}% 220
\BOOKMARK [3][-]{subsubsection.8.8.3.18}{\376\377\0008\000.\0008\000.\0003\000.\0001\0008\000\040\000s\000e\000t\000H\000o\000l\000d\000C\000u\000r\000r\000e\000n\000t\000\050\000\051}{subsection.8.8.3}% 221
\BOOKMARK [3][-]{subsubsection.8.8.3.19}{\376\377\0008\000.\0008\000.\0003\000.\0001\0009\000\040\000s\000e\000t\000H\000o\000m\000i\000n\000g\000O\000f\000f\000s\000e\000t\000\050\000\051}{subsection.8.8.3}% 222
\BOOKMARK [3][-]{subsubsection.8.8.3.20}{\376\377\0008\000.\0008\000.\0003\000.\0002\0000\000\040\000s\000e\000t\000M\000a\000x\000A\000c\000c\000e\000l\000e\000r\000a\000t\000i\000o\000n\000\050\000\051}{subsection.8.8.3}% 223
\BOOKMARK [3][-]{subsubsection.8.8.3.21}{\376\377\0008\000.\0008\000.\0003\000.\0002\0001\000\040\000s\000e\000t\000M\000a\000x\000V\000e\000l\000o\000c\000i\000t\000y\000\050\000\051}{subsection.8.8.3}% 224
\BOOKMARK [3][-]{subsubsection.8.8.3.22}{\376\377\0008\000.\0008\000.\0003\000.\0002\0002\000\040\000s\000e\000t\000P\000o\000s\000i\000t\000i\000o\000n\000\050\000\051}{subsection.8.8.3}% 225
\BOOKMARK [3][-]{subsubsection.8.8.3.23}{\376\377\0008\000.\0008\000.\0003\000.\0002\0003\000\040\000s\000e\000t\000V\000e\000l\000o\000c\000i\000t\000y\000\050\000\051}{subsection.8.8.3}% 226
\BOOKMARK [3][-]{subsubsection.8.8.3.24}{\376\377\0008\000.\0008\000.\0003\000.\0002\0004\000\040\000s\000t\000o\000p\000\050\000\051}{subsection.8.8.3}% 227
\BOOKMARK [3][-]{subsubsection.8.8.3.25}{\376\377\0008\000.\0008\000.\0003\000.\0002\0005\000\040\000w\000r\000i\000t\000e\000\050\000\051}{subsection.8.8.3}% 228
\BOOKMARK [2][-]{subsection.8.8.4}{\376\377\0008\000.\0008\000.\0004\000\040\000M\000e\000m\000b\000e\000r\000\040\000D\000a\000t\000a\000\040\000D\000o\000c\000u\000m\000e\000n\000t\000a\000t\000i\000o\000n}{section.8.8}% 229
\BOOKMARK [3][-]{subsubsection.8.8.4.1}{\376\377\0008\000.\0008\000.\0004\000.\0001\000\040\000a\000d\000d\000r\000e\000s\000s}{subsection.8.8.4}% 230
\BOOKMARK [3][-]{subsubsection.8.8.4.2}{\376\377\0008\000.\0008\000.\0004\000.\0002\000\040\000h\000a\000n\000d\000l\000e}{subsection.8.8.4}% 231
\BOOKMARK [3][-]{subsubsection.8.8.4.3}{\376\377\0008\000.\0008\000.\0004\000.\0003\000\040\000m\000a\000x}{subsection.8.8.4}% 232
\BOOKMARK [3][-]{subsubsection.8.8.4.4}{\376\377\0008\000.\0008\000.\0004\000.\0004\000\040\000m\000i\000n}{subsection.8.8.4}% 233
\BOOKMARK [3][-]{subsubsection.8.8.4.5}{\376\377\0008\000.\0008\000.\0004\000.\0005\000\040\000o\000f\000f\000s\000e\000t}{subsection.8.8.4}% 234
\BOOKMARK [3][-]{subsubsection.8.8.4.6}{\376\377\0008\000.\0008\000.\0004\000.\0006\000\040\000r\000e\000d\000u\000c\000t\000i\000o\000n}{subsection.8.8.4}% 235
\BOOKMARK [1][-]{section.8.9}{\376\377\0008\000.\0009\000\040\000b\000i\000o\000s\000c\000a\000r\000a\000\137\000h\000a\000r\000d\000w\000a\000r\000e\000\137\000i\000n\000t\000e\000r\000f\000a\000c\000e\000s\000:\000:\000B\000i\000o\000s\000c\000a\000r\000a\000A\000r\000m\000H\000a\000r\000d\000w\000a\000r\000e\000I\000n\000t\000e\000r\000f\000a\000c\000e\000:\000:\000j\000o\000i\000n\000t\000\137\000c\000o\000n\000f\000i\000g\000\137\000t\000\040\000S\000t\000r\000u\000c\000t\000\040\000R\000e\000f\000e\000r\000e\000n\000c\000e}{chapter.8}% 236
\BOOKMARK [2][-]{subsection.8.9.1}{\376\377\0008\000.\0009\000.\0001\000\040\000D\000e\000t\000a\000i\000l\000e\000d\000\040\000D\000e\000s\000c\000r\000i\000p\000t\000i\000o\000n}{section.8.9}% 237
\BOOKMARK [2][-]{subsection.8.9.2}{\376\377\0008\000.\0009\000.\0002\000\040\000M\000e\000m\000b\000e\000r\000\040\000D\000a\000t\000a\000\040\000D\000o\000c\000u\000m\000e\000n\000t\000a\000t\000i\000o\000n}{section.8.9}% 238
\BOOKMARK [3][-]{subsubsection.8.9.2.1}{\376\377\0008\000.\0009\000.\0002\000.\0001\000\040\000d\000r\000i\000v\000e\000\137\000c\000u\000r\000r\000e\000n\000t}{subsection.8.9.2}% 239
\BOOKMARK [3][-]{subsubsection.8.9.2.2}{\376\377\0008\000.\0009\000.\0002\000.\0002\000\040\000h\000o\000l\000d\000\137\000c\000u\000r\000r\000e\000n\000t}{subsection.8.9.2}% 240
\BOOKMARK [3][-]{subsubsection.8.9.2.3}{\376\377\0008\000.\0009\000.\0002\000.\0003\000\040\000h\000o\000m\000i\000n\000g}{subsection.8.9.2}% 241
\BOOKMARK [3][-]{subsubsection.8.9.2.4}{\376\377\0008\000.\0009\000.\0002\000.\0004\000\040\000i\0002\000c\000\137\000a\000d\000d\000r\000e\000s\000s}{subsection.8.9.2}% 242
\BOOKMARK [3][-]{subsubsection.8.9.2.5}{\376\377\0008\000.\0009\000.\0002\000.\0005\000\040\000m\000a\000x}{subsection.8.9.2}% 243
\BOOKMARK [3][-]{subsubsection.8.9.2.6}{\376\377\0008\000.\0009\000.\0002\000.\0006\000\040\000m\000a\000x\000\137\000a\000c\000c\000e\000l\000e\000r\000a\000t\000i\000o\000n}{subsection.8.9.2}% 244
\BOOKMARK [3][-]{subsubsection.8.9.2.7}{\376\377\0008\000.\0009\000.\0002\000.\0007\000\040\000m\000a\000x\000\137\000v\000e\000l\000o\000c\000i\000t\000y}{subsection.8.9.2}% 245
\BOOKMARK [3][-]{subsubsection.8.9.2.8}{\376\377\0008\000.\0009\000.\0002\000.\0008\000\040\000m\000i\000n}{subsection.8.9.2}% 246
\BOOKMARK [3][-]{subsubsection.8.9.2.9}{\376\377\0008\000.\0009\000.\0002\000.\0009\000\040\000r\000e\000d\000u\000c\000t\000i\000o\000n}{subsection.8.9.2}% 247
\BOOKMARK [3][-]{subsubsection.8.9.2.10}{\376\377\0008\000.\0009\000.\0002\000.\0001\0000\000\040\000s\000t\000a\000l\000l\000\137\000t\000h\000r\000e\000s\000h\000o\000l\000d}{subsection.8.9.2}% 248
\BOOKMARK [1][-]{section.8.10}{\376\377\0008\000.\0001\0000\000\040\000b\000i\000o\000s\000c\000a\000r\000a\000\137\000h\000a\000r\000d\000w\000a\000r\000e\000\137\000i\000n\000t\000e\000r\000f\000a\000c\000e\000s\000:\000:\000B\000i\000o\000s\000c\000a\000r\000a\000A\000r\000m\000H\000a\000r\000d\000w\000a\000r\000e\000I\000n\000t\000e\000r\000f\000a\000c\000e\000:\000:\000j\000o\000i\000n\000t\000\137\000h\000o\000m\000i\000n\000g\000\137\000c\000o\000n\000f\000i\000g\000\137\000t\000\040\000S\000t\000r\000u\000c\000t\000\040\000R\000e\000f\000e\000r\000e\000n\000c\000e}{chapter.8}% 249
\BOOKMARK [2][-]{subsection.8.10.1}{\376\377\0008\000.\0001\0000\000.\0001\000\040\000D\000e\000t\000a\000i\000l\000e\000d\000\040\000D\000e\000s\000c\000r\000i\000p\000t\000i\000o\000n}{section.8.10}% 250
\BOOKMARK [2][-]{subsection.8.10.2}{\376\377\0008\000.\0001\0000\000.\0002\000\040\000M\000e\000m\000b\000e\000r\000\040\000D\000a\000t\000a\000\040\000D\000o\000c\000u\000m\000e\000n\000t\000a\000t\000i\000o\000n}{section.8.10}% 251
\BOOKMARK [3][-]{subsubsection.8.10.2.1}{\376\377\0008\000.\0001\0000\000.\0002\000.\0001\000\040\000a\000c\000c\000e\000l\000e\000r\000a\000t\000i\000o\000n}{subsection.8.10.2}% 252
\BOOKMARK [3][-]{subsubsection.8.10.2.2}{\376\377\0008\000.\0001\0000\000.\0002\000.\0002\000\040\000c\000u\000r\000r\000e\000n\000t}{subsection.8.10.2}% 253
\BOOKMARK [3][-]{subsubsection.8.10.2.3}{\376\377\0008\000.\0001\0000\000.\0002\000.\0003\000\040\000s\000p\000e\000e\000d}{subsection.8.10.2}% 254
\BOOKMARK [3][-]{subsubsection.8.10.2.4}{\376\377\0008\000.\0001\0000\000.\0002\000.\0004\000\040\000t\000h\000r\000e\000s\000h\000o\000l\000d}{subsection.8.10.2}% 255
\BOOKMARK [1][-]{section.8.11}{\376\377\0008\000.\0001\0001\000\040\000L\000o\000w\000p\000a\000s\000s\000\040\000C\000l\000a\000s\000s\000\040\000R\000e\000f\000e\000r\000e\000n\000c\000e}{chapter.8}% 256
\BOOKMARK [2][-]{subsection.8.11.1}{\376\377\0008\000.\0001\0001\000.\0001\000\040\000C\000o\000n\000s\000t\000r\000u\000c\000t\000o\000r\000\040\000\046\000\040\000D\000e\000s\000t\000r\000u\000c\000t\000o\000r\000\040\000D\000o\000c\000u\000m\000e\000n\000t\000a\000t\000i\000o\000n}{section.8.11}% 257
\BOOKMARK [3][-]{subsubsection.8.11.1.1}{\376\377\0008\000.\0001\0001\000.\0001\000.\0001\000\040\000L\000o\000w\000p\000a\000s\000s\000\050\000\051}{subsection.8.11.1}% 258
\BOOKMARK [2][-]{subsection.8.11.2}{\376\377\0008\000.\0001\0001\000.\0002\000\040\000M\000e\000m\000b\000e\000r\000\040\000F\000u\000n\000c\000t\000i\000o\000n\000\040\000D\000o\000c\000u\000m\000e\000n\000t\000a\000t\000i\000o\000n}{section.8.11}% 259
\BOOKMARK [3][-]{subsubsection.8.11.2.1}{\376\377\0008\000.\0001\0001\000.\0002\000.\0001\000\040\000r\000e\000s\000e\000t\000S\000t\000a\000t\000e\000\050\000\051}{subsection.8.11.2}% 260
\BOOKMARK [3][-]{subsubsection.8.11.2.2}{\376\377\0008\000.\0001\0001\000.\0002\000.\0002\000\040\000u\000p\000d\000a\000t\000e\000S\000t\000a\000t\000e\000\050\000\051}{subsection.8.11.2}% 261
\BOOKMARK [2][-]{subsection.8.11.3}{\376\377\0008\000.\0001\0001\000.\0003\000\040\000M\000e\000m\000b\000e\000r\000\040\000D\000a\000t\000a\000\040\000D\000o\000c\000u\000m\000e\000n\000t\000a\000t\000i\000o\000n}{section.8.11}% 262
\BOOKMARK [3][-]{subsubsection.8.11.3.1}{\376\377\0008\000.\0001\0001\000.\0003\000.\0001\000\040\000K}{subsection.8.11.3}% 263
\BOOKMARK [3][-]{subsubsection.8.11.3.2}{\376\377\0008\000.\0001\0001\000.\0003\000.\0002\000\040\000t\000a\000u}{subsection.8.11.3}% 264
\BOOKMARK [3][-]{subsubsection.8.11.3.3}{\376\377\0008\000.\0001\0001\000.\0003\000.\0003\000\040\000T\000s}{subsection.8.11.3}% 265
\BOOKMARK [3][-]{subsubsection.8.11.3.4}{\376\377\0008\000.\0001\0001\000.\0003\000.\0004\000\040\000x}{subsection.8.11.3}% 266
\BOOKMARK [1][-]{section.8.12}{\376\377\0008\000.\0001\0002\000\040\000b\000i\000o\000s\000c\000a\000r\000a\000\137\000h\000a\000r\000d\000w\000a\000r\000e\000\137\000d\000r\000i\000v\000e\000r\000s\000:\000:\000M\000o\000c\000k\000G\000r\000i\000p\000p\000e\000r\000\040\000C\000l\000a\000s\000s\000\040\000R\000e\000f\000e\000r\000e\000n\000c\000e}{chapter.8}% 267
\BOOKMARK [2][-]{subsection.8.12.1}{\376\377\0008\000.\0001\0002\000.\0001\000\040\000D\000e\000t\000a\000i\000l\000e\000d\000\040\000D\000e\000s\000c\000r\000i\000p\000t\000i\000o\000n}{section.8.12}% 268
\BOOKMARK [2][-]{subsection.8.12.2}{\376\377\0008\000.\0001\0002\000.\0002\000\040\000C\000o\000n\000s\000t\000r\000u\000c\000t\000o\000r\000\040\000\046\000\040\000D\000e\000s\000t\000r\000u\000c\000t\000o\000r\000\040\000D\000o\000c\000u\000m\000e\000n\000t\000a\000t\000i\000o\000n}{section.8.12}% 269
\BOOKMARK [3][-]{subsubsection.8.12.2.1}{\376\377\0008\000.\0001\0002\000.\0002\000.\0001\000\040\000M\000o\000c\000k\000G\000r\000i\000p\000p\000e\000r\000\050\000\051}{subsection.8.12.2}% 270
\BOOKMARK [1][-]{section.8.13}{\376\377\0008\000.\0001\0003\000\040\000b\000i\000o\000s\000c\000a\000r\000a\000\137\000h\000a\000r\000d\000w\000a\000r\000e\000\137\000d\000r\000i\000v\000e\000r\000s\000:\000:\000M\000o\000c\000k\000J\000o\000i\000n\000t\000\040\000C\000l\000a\000s\000s\000\040\000R\000e\000f\000e\000r\000e\000n\000c\000e}{chapter.8}% 271
\BOOKMARK [2][-]{subsection.8.13.1}{\376\377\0008\000.\0001\0003\000.\0001\000\040\000D\000e\000t\000a\000i\000l\000e\000d\000\040\000D\000e\000s\000c\000r\000i\000p\000t\000i\000o\000n}{section.8.13}% 272
\BOOKMARK [2][-]{subsection.8.13.2}{\376\377\0008\000.\0001\0003\000.\0002\000\040\000C\000o\000n\000s\000t\000r\000u\000c\000t\000o\000r\000\040\000\046\000\040\000D\000e\000s\000t\000r\000u\000c\000t\000o\000r\000\040\000D\000o\000c\000u\000m\000e\000n\000t\000a\000t\000i\000o\000n}{section.8.13}% 273
\BOOKMARK [3][-]{subsubsection.8.13.2.1}{\376\377\0008\000.\0001\0003\000.\0002\000.\0001\000\040\000M\000o\000c\000k\000J\000o\000i\000n\000t\000\050\000\051}{subsection.8.13.2}% 274
\BOOKMARK [2][-]{subsection.8.13.3}{\376\377\0008\000.\0001\0003\000.\0003\000\040\000M\000e\000m\000b\000e\000r\000\040\000F\000u\000n\000c\000t\000i\000o\000n\000\040\000D\000o\000c\000u\000m\000e\000n\000t\000a\000t\000i\000o\000n}{section.8.13}% 275
\BOOKMARK [3][-]{subsubsection.8.13.3.1}{\376\377\0008\000.\0001\0003\000.\0003\000.\0001\000\040\000\137\000h\000o\000m\000e\000\050\000\051}{subsection.8.13.3}% 276
\BOOKMARK [3][-]{subsubsection.8.13.3.2}{\376\377\0008\000.\0001\0003\000.\0003\000.\0002\000\040\000c\000h\000e\000c\000k\000O\000r\000i\000e\000n\000t\000a\000t\000i\000o\000n\000\050\000\051}{subsection.8.13.3}% 277
\BOOKMARK [3][-]{subsubsection.8.13.3.3}{\376\377\0008\000.\0001\0003\000.\0003\000.\0003\000\040\000d\000i\000s\000a\000b\000l\000e\000\050\000\051}{subsection.8.13.3}% 278
\BOOKMARK [3][-]{subsubsection.8.13.3.4}{\376\377\0008\000.\0001\0003\000.\0003\000.\0004\000\040\000e\000n\000a\000b\000l\000e\000\050\000\051}{subsection.8.13.3}% 279
\BOOKMARK [3][-]{subsubsection.8.13.3.5}{\376\377\0008\000.\0001\0003\000.\0003\000.\0005\000\040\000g\000e\000t\000D\000e\000l\000t\000a\000T\000\050\000\051}{subsection.8.13.3}% 280
\BOOKMARK [3][-]{subsubsection.8.13.3.6}{\376\377\0008\000.\0001\0003\000.\0003\000.\0006\000\040\000g\000e\000t\000F\000l\000a\000g\000s\000\050\000\051}{subsection.8.13.3}% 281
\BOOKMARK [3][-]{subsubsection.8.13.3.7}{\376\377\0008\000.\0001\0003\000.\0003\000.\0007\000\040\000g\000e\000t\000P\000o\000s\000i\000t\000i\000o\000n\000\050\000\051}{subsection.8.13.3}% 282
\BOOKMARK [3][-]{subsubsection.8.13.3.8}{\376\377\0008\000.\0001\0003\000.\0003\000.\0008\000\040\000g\000e\000t\000V\000e\000l\000o\000c\000i\000t\000y\000\050\000\051}{subsection.8.13.3}% 283
\BOOKMARK [3][-]{subsubsection.8.13.3.9}{\376\377\0008\000.\0001\0003\000.\0003\000.\0009\000\040\000i\000s\000H\000o\000m\000e\000d\000\050\000\051}{subsection.8.13.3}% 284
\BOOKMARK [3][-]{subsubsection.8.13.3.10}{\376\377\0008\000.\0001\0003\000.\0003\000.\0001\0000\000\040\000s\000e\000t\000P\000o\000s\000i\000t\000i\000o\000n\000\050\000\051}{subsection.8.13.3}% 285
\BOOKMARK [3][-]{subsubsection.8.13.3.11}{\376\377\0008\000.\0001\0003\000.\0003\000.\0001\0001\000\040\000s\000e\000t\000V\000e\000l\000o\000c\000i\000t\000y\000\050\000\051}{subsection.8.13.3}% 286
\BOOKMARK [3][-]{subsubsection.8.13.3.12}{\376\377\0008\000.\0001\0003\000.\0003\000.\0001\0002\000\040\000s\000t\000o\000p\000\050\000\051}{subsection.8.13.3}% 287
\BOOKMARK [2][-]{subsection.8.13.4}{\376\377\0008\000.\0001\0003\000.\0004\000\040\000M\000e\000m\000b\000e\000r\000\040\000D\000a\000t\000a\000\040\000D\000o\000c\000u\000m\000e\000n\000t\000a\000t\000i\000o\000n}{section.8.13}% 288
\BOOKMARK [3][-]{subsubsection.8.13.4.1}{\376\377\0008\000.\0001\0003\000.\0004\000.\0001\000\040\000a\000s\000y\000n\000c\000\137\000s\000t\000a\000r\000t\000\137\000t\000i\000m\000e}{subsection.8.13.4}% 289
\BOOKMARK [3][-]{subsubsection.8.13.4.2}{\376\377\0008\000.\0001\0003\000.\0004\000.\0002\000\040\000l\000a\000s\000t\000\137\000s\000e\000t\000\137\000p\000o\000s\000i\000t\000i\000o\000n}{subsection.8.13.4}% 290
\BOOKMARK [3][-]{subsubsection.8.13.4.3}{\376\377\0008\000.\0001\0003\000.\0004\000.\0003\000\040\000l\000a\000s\000t\000\137\000s\000e\000t\000\137\000v\000e\000l\000o\000c\000i\000t\000y}{subsection.8.13.4}% 291
\BOOKMARK [3][-]{subsubsection.8.13.4.4}{\376\377\0008\000.\0001\0003\000.\0004\000.\0004\000\040\000o\000p\000\137\000m\000o\000d\000e}{subsection.8.13.4}% 292
\BOOKMARK [3][-]{subsubsection.8.13.4.5}{\376\377\0008\000.\0001\0003\000.\0004\000.\0005\000\040\000q}{subsection.8.13.4}% 293
\BOOKMARK [3][-]{subsubsection.8.13.4.6}{\376\377\0008\000.\0001\0003\000.\0004\000.\0006\000\040\000q\000d}{subsection.8.13.4}% 294
\BOOKMARK [1][-]{section.8.14}{\376\377\0008\000.\0001\0004\000\040\000M\000o\000v\000M\000a\000x\000\040\000C\000l\000a\000s\000s\000\040\000R\000e\000f\000e\000r\000e\000n\000c\000e}{chapter.8}% 295
\BOOKMARK [2][-]{subsection.8.14.1}{\376\377\0008\000.\0001\0004\000.\0001\000\040\000C\000o\000n\000s\000t\000r\000u\000c\000t\000o\000r\000\040\000\046\000\040\000D\000e\000s\000t\000r\000u\000c\000t\000o\000r\000\040\000D\000o\000c\000u\000m\000e\000n\000t\000a\000t\000i\000o\000n}{section.8.14}% 296
\BOOKMARK [3][-]{subsubsection.8.14.1.1}{\376\377\0008\000.\0001\0004\000.\0001\000.\0001\000\040\000M\000o\000v\000M\000a\000x\000\050\000\051}{subsection.8.14.1}% 297
\BOOKMARK [2][-]{subsection.8.14.2}{\376\377\0008\000.\0001\0004\000.\0002\000\040\000M\000e\000m\000b\000e\000r\000\040\000F\000u\000n\000c\000t\000i\000o\000n\000\040\000D\000o\000c\000u\000m\000e\000n\000t\000a\000t\000i\000o\000n}{section.8.14}% 298
\BOOKMARK [3][-]{subsubsection.8.14.2.1}{\376\377\0008\000.\0001\0004\000.\0002\000.\0001\000\040\000u\000p\000d\000a\000t\000e\000S\000t\000a\000t\000e\000\050\000\051}{subsection.8.14.2}% 299
\BOOKMARK [2][-]{subsection.8.14.3}{\376\377\0008\000.\0001\0004\000.\0003\000\040\000M\000e\000m\000b\000e\000r\000\040\000D\000a\000t\000a\000\040\000D\000o\000c\000u\000m\000e\000n\000t\000a\000t\000i\000o\000n}{section.8.14}% 300
\BOOKMARK [3][-]{subsubsection.8.14.3.1}{\376\377\0008\000.\0001\0004\000.\0003\000.\0001\000\040\000c\000b\000\137\000d\000a\000t\000a}{subsection.8.14.3}% 301
\BOOKMARK [3][-]{subsubsection.8.14.3.2}{\376\377\0008\000.\0001\0004\000.\0003\000.\0002\000\040\000c\000b\000\137\000i\000n\000d\000e\000x}{subsection.8.14.3}% 302
\BOOKMARK [3][-]{subsubsection.8.14.3.3}{\376\377\0008\000.\0001\0004\000.\0003\000.\0003\000\040\000M}{subsection.8.14.3}% 303
\BOOKMARK [1][-]{section.8.15}{\376\377\0008\000.\0001\0005\000\040\000R\000P\000I\000\137\000P\000W\000M\000\040\000C\000l\000a\000s\000s\000\040\000R\000e\000f\000e\000r\000e\000n\000c\000e}{chapter.8}% 304
\BOOKMARK [2][-]{subsection.8.15.1}{\376\377\0008\000.\0001\0005\000.\0001\000\040\000D\000e\000t\000a\000i\000l\000e\000d\000\040\000D\000e\000s\000c\000r\000i\000p\000t\000i\000o\000n}{section.8.15}% 305
\BOOKMARK [2][-]{subsection.8.15.2}{\376\377\0008\000.\0001\0005\000.\0002\000\040\000C\000o\000n\000s\000t\000r\000u\000c\000t\000o\000r\000\040\000\046\000\040\000D\000e\000s\000t\000r\000u\000c\000t\000o\000r\000\040\000D\000o\000c\000u\000m\000e\000n\000t\000a\000t\000i\000o\000n}{section.8.15}% 306
\BOOKMARK [3][-]{subsubsection.8.15.2.1}{\376\377\0008\000.\0001\0005\000.\0002\000.\0001\000\040\000~\000R\000P\000I\000\137\000P\000W\000M\000\050\000\051}{subsection.8.15.2}% 307
\BOOKMARK [2][-]{subsection.8.15.3}{\376\377\0008\000.\0001\0005\000.\0003\000\040\000M\000e\000m\000b\000e\000r\000\040\000F\000u\000n\000c\000t\000i\000o\000n\000\040\000D\000o\000c\000u\000m\000e\000n\000t\000a\000t\000i\000o\000n}{section.8.15}% 308
\BOOKMARK [3][-]{subsubsection.8.15.3.1}{\376\377\0008\000.\0001\0005\000.\0003\000.\0001\000\040\000d\000i\000s\000a\000b\000l\000e\000\050\000\051}{subsection.8.15.3}% 309
\BOOKMARK [3][-]{subsubsection.8.15.3.2}{\376\377\0008\000.\0001\0005\000.\0003\000.\0002\000\040\000e\000n\000a\000b\000l\000e\000\050\000\051}{subsection.8.15.3}% 310
\BOOKMARK [3][-]{subsubsection.8.15.3.3}{\376\377\0008\000.\0001\0005\000.\0003\000.\0003\000\040\000s\000e\000t\000D\000u\000t\000y\000C\000y\000c\000l\000e\000\050\000\051}{subsection.8.15.3}% 311
\BOOKMARK [3][-]{subsubsection.8.15.3.4}{\376\377\0008\000.\0001\0005\000.\0003\000.\0004\000\040\000s\000e\000t\000D\000u\000t\000y\000C\000y\000c\000l\000e\000N\000S\000\050\000\051}{subsection.8.15.3}% 312
\BOOKMARK [3][-]{subsubsection.8.15.3.5}{\376\377\0008\000.\0001\0005\000.\0003\000.\0005\000\040\000s\000e\000t\000P\000e\000r\000i\000o\000d\000\050\000\051}{subsection.8.15.3}% 313
\BOOKMARK [3][-]{subsubsection.8.15.3.6}{\376\377\0008\000.\0001\0005\000.\0003\000.\0006\000\040\000s\000t\000a\000r\000t\000\050\000\051}{subsection.8.15.3}% 314
\BOOKMARK [3][-]{subsubsection.8.15.3.7}{\376\377\0008\000.\0001\0005\000.\0003\000.\0007\000\040\000s\000t\000o\000p\000\050\000\051}{subsection.8.15.3}% 315
\BOOKMARK [3][-]{subsubsection.8.15.3.8}{\376\377\0008\000.\0001\0005\000.\0003\000.\0008\000\040\000w\000r\000i\000t\000e\000S\000Y\000S\000\050\000\051}{subsection.8.15.3}% 316
\BOOKMARK [2][-]{subsection.8.15.4}{\376\377\0008\000.\0001\0005\000.\0004\000\040\000M\000e\000m\000b\000e\000r\000\040\000D\000a\000t\000a\000\040\000D\000o\000c\000u\000m\000e\000n\000t\000a\000t\000i\000o\000n}{section.8.15}% 317
\BOOKMARK [3][-]{subsubsection.8.15.4.1}{\376\377\0008\000.\0001\0005\000.\0004\000.\0001\000\040\000c\000h\000i\000p\000p\000a\000t\000h}{subsection.8.15.4}% 318
\BOOKMARK [3][-]{subsubsection.8.15.4.2}{\376\377\0008\000.\0001\0005\000.\0004\000.\0002\000\040\000p\000e\000r}{subsection.8.15.4}% 319
\BOOKMARK [3][-]{subsubsection.8.15.4.3}{\376\377\0008\000.\0001\0005\000.\0004\000.\0003\000\040\000p\000w\000m\000p\000a\000t\000h}{subsection.8.15.4}% 320
\BOOKMARK [1][-]{section.8.16}{\376\377\0008\000.\0001\0006\000\040\000T\000r\000a\000j\000e\000c\000t\000o\000r\000y\000S\000e\000q\000u\000e\000n\000c\000e\000\040\000C\000l\000a\000s\000s\000\040\000R\000e\000f\000e\000r\000e\000n\000c\000e}{chapter.8}% 321
\BOOKMARK [2][-]{subsection.8.16.1}{\376\377\0008\000.\0001\0006\000.\0001\000\040\000C\000o\000n\000s\000t\000r\000u\000c\000t\000o\000r\000\040\000\046\000\040\000D\000e\000s\000t\000r\000u\000c\000t\000o\000r\000\040\000D\000o\000c\000u\000m\000e\000n\000t\000a\000t\000i\000o\000n}{section.8.16}% 322
\BOOKMARK [3][-]{subsubsection.8.16.1.1}{\376\377\0008\000.\0001\0006\000.\0001\000.\0001\000\040\000T\000r\000a\000j\000e\000c\000t\000o\000r\000y\000S\000e\000q\000u\000e\000n\000c\000e\000\050\000\051}{subsection.8.16.1}% 323
\BOOKMARK [3][-]{subsubsection.8.16.1.2}{\376\377\0008\000.\0001\0006\000.\0001\000.\0002\000\040\000~\000T\000r\000a\000j\000e\000c\000t\000o\000r\000y\000S\000e\000q\000u\000e\000n\000c\000e\000\050\000\051}{subsection.8.16.1}% 324
\BOOKMARK [2][-]{subsection.8.16.2}{\376\377\0008\000.\0001\0006\000.\0002\000\040\000M\000e\000m\000b\000e\000r\000\040\000F\000u\000n\000c\000t\000i\000o\000n\000\040\000D\000o\000c\000u\000m\000e\000n\000t\000a\000t\000i\000o\000n}{section.8.16}% 325
\BOOKMARK [3][-]{subsubsection.8.16.2.1}{\376\377\0008\000.\0001\0006\000.\0002\000.\0001\000\040\000a\000d\000d\000S\000e\000g\000m\000e\000n\000t\000\050\000\051}{subsection.8.16.2}% 326
\BOOKMARK [3][-]{subsubsection.8.16.2.2}{\376\377\0008\000.\0001\0006\000.\0002\000.\0002\000\040\000e\000x\000e\000c\000\137\000t\000h\000r\000e\000a\000d\000\050\000\051}{subsection.8.16.2}% 327
\BOOKMARK [3][-]{subsubsection.8.16.2.3}{\376\377\0008\000.\0001\0006\000.\0002\000.\0003\000\040\000e\000x\000e\000c\000u\000t\000e\000\050\000\051}{subsection.8.16.2}% 328
\BOOKMARK [3][-]{subsubsection.8.16.2.4}{\376\377\0008\000.\0001\0006\000.\0002\000.\0004\000\040\000g\000e\000t\000M\000o\000v\000e\000G\000r\000o\000u\000p\000I\000n\000t\000e\000r\000f\000a\000c\000e\000\050\000\051}{subsection.8.16.2}% 329
\BOOKMARK [3][-]{subsubsection.8.16.2.5}{\376\377\0008\000.\0001\0006\000.\0002\000.\0005\000\040\000g\000e\000t\000N\000o\000d\000e\000\050\000\051}{subsection.8.16.2}% 330
\BOOKMARK [3][-]{subsubsection.8.16.2.6}{\376\377\0008\000.\0001\0006\000.\0002\000.\0006\000\040\000i\000n\000i\000t\000\050\000\051}{subsection.8.16.2}% 331
\BOOKMARK [3][-]{subsubsection.8.16.2.7}{\376\377\0008\000.\0001\0006\000.\0002\000.\0007\000\040\000m\000o\000v\000e\000J\000\050\000\051\000\040\000[\0001\000/\0002\000]}{subsection.8.16.2}% 332
\BOOKMARK [3][-]{subsubsection.8.16.2.8}{\376\377\0008\000.\0001\0006\000.\0002\000.\0008\000\040\000m\000o\000v\000e\000J\000\050\000\051\000\040\000[\0002\000/\0002\000]}{subsection.8.16.2}% 333
\BOOKMARK [3][-]{subsubsection.8.16.2.9}{\376\377\0008\000.\0001\0006\000.\0002\000.\0009\000\040\000m\000o\000v\000e\000L\000\050\000\051\000\040\000[\0001\000/\0002\000]}{subsection.8.16.2}% 334
\BOOKMARK [3][-]{subsubsection.8.16.2.10}{\376\377\0008\000.\0001\0006\000.\0002\000.\0001\0000\000\040\000m\000o\000v\000e\000L\000\050\000\051\000\040\000[\0002\000/\0002\000]}{subsection.8.16.2}% 335
\BOOKMARK [2][-]{subsection.8.16.3}{\376\377\0008\000.\0001\0006\000.\0003\000\040\000M\000e\000m\000b\000e\000r\000\040\000D\000a\000t\000a\000\040\000D\000o\000c\000u\000m\000e\000n\000t\000a\000t\000i\000o\000n}{section.8.16}% 336
\BOOKMARK [3][-]{subsubsection.8.16.3.1}{\376\377\0008\000.\0001\0006\000.\0003\000.\0001\000\040\000i\000t\000e\000m\000s\000\137}{subsection.8.16.3}% 337
\BOOKMARK [3][-]{subsubsection.8.16.3.2}{\376\377\0008\000.\0001\0006\000.\0003\000.\0002\000\040\000m\000g\000i\000\137}{subsection.8.16.3}% 338
\BOOKMARK [3][-]{subsubsection.8.16.3.3}{\376\377\0008\000.\0001\0006\000.\0003\000.\0003\000\040\000n\000o\000d\000e\000\137}{subsection.8.16.3}% 339
\BOOKMARK [3][-]{subsubsection.8.16.3.4}{\376\377\0008\000.\0001\0006\000.\0003\000.\0004\000\040\000p\000l\000a\000n\000n\000i\000n\000g\000\137\000g\000r\000o\000u\000p\000\137}{subsection.8.16.3}% 340
\BOOKMARK [3][-]{subsubsection.8.16.3.5}{\376\377\0008\000.\0001\0006\000.\0003\000.\0005\000\040\000s\000e\000q\000\137\000a\000c\000t\000i\000o\000n\000\137\000c\000l\000i\000e\000n\000t\000\137}{subsection.8.16.3}% 341
\BOOKMARK [3][-]{subsubsection.8.16.3.6}{\376\377\0008\000.\0001\0006\000.\0003\000.\0006\000\040\000s\000e\000q\000\137\000s\000e\000r\000v\000i\000c\000e\000\137\000c\000l\000i\000e\000n\000t\000\137}{subsection.8.16.3}% 342
\BOOKMARK [0][-]{chapter.9}{\376\377\0009\000\040\000F\000i\000l\000e\000\040\000D\000o\000c\000u\000m\000e\000n\000t\000a\000t\000i\000o\000n}{}% 343
\BOOKMARK [1][-]{section.9.1}{\376\377\0009\000.\0001\000\040\000d\000o\000c\000s\000/\000d\000o\000x\000y\000g\000e\000n\000/\000i\000n\000d\000e\000x\000.\000m\000d\000\040\000F\000i\000l\000e\000\040\000R\000e\000f\000e\000r\000e\000n\000c\000e}{chapter.9}% 344
\BOOKMARK [1][-]{section.9.2}{\376\377\0009\000.\0002\000\040\000l\000i\000b\000/\000j\000o\000i\000n\000t\000\137\000f\000i\000r\000m\000w\000a\000r\000e\000/\000j\000o\000i\000n\000t\000/\000c\000o\000n\000f\000i\000g\000u\000r\000a\000t\000i\000o\000n\000.\000h\000\040\000F\000i\000l\000e\000\040\000R\000e\000f\000e\000r\000e\000n\000c\000e}{chapter.9}% 345
\BOOKMARK [2][-]{subsection.9.2.1}{\376\377\0009\000.\0002\000.\0001\000\040\000D\000e\000t\000a\000i\000l\000e\000d\000\040\000D\000e\000s\000c\000r\000i\000p\000t\000i\000o\000n}{section.9.2}% 346
\BOOKMARK [2][-]{subsection.9.2.2}{\376\377\0009\000.\0002\000.\0002\000\040\000M\000a\000c\000r\000o\000\040\000D\000e\000f\000i\000n\000i\000t\000i\000o\000n\000\040\000D\000o\000c\000u\000m\000e\000n\000t\000a\000t\000i\000o\000n}{section.9.2}% 347
\BOOKMARK [3][-]{subsubsection.9.2.2.1}{\376\377\0009\000.\0002\000.\0002\000.\0001\000\040\000A\000D\000R}{subsection.9.2.2}% 348
\BOOKMARK [3][-]{subsubsection.9.2.2.2}{\376\377\0009\000.\0002\000.\0002\000.\0002\000\040\000M\000A\000X\000A\000C\000C\000E\000L}{subsection.9.2.2}% 349
\BOOKMARK [3][-]{subsubsection.9.2.2.3}{\376\377\0009\000.\0002\000.\0002\000.\0003\000\040\000M\000A\000X\000V\000E\000L}{subsection.9.2.2}% 350
\BOOKMARK [1][-]{section.9.3}{\376\377\0009\000.\0003\000\040\000c\000o\000n\000f\000i\000g\000u\000r\000a\000t\000i\000o\000n\000.\000h}{chapter.9}% 351
\BOOKMARK [1][-]{section.9.4}{\376\377\0009\000.\0004\000\040\000l\000i\000b\000/\000j\000o\000i\000n\000t\000\137\000f\000i\000r\000m\000w\000a\000r\000e\000/\000j\000o\000i\000n\000t\000/\000f\000i\000l\000t\000e\000r\000s\000.\000h\000\040\000F\000i\000l\000e\000\040\000R\000e\000f\000e\000r\000e\000n\000c\000e}{chapter.9}% 352
\BOOKMARK [2][-]{subsection.9.4.1}{\376\377\0009\000.\0004\000.\0001\000\040\000D\000e\000t\000a\000i\000l\000e\000d\000\040\000D\000e\000s\000c\000r\000i\000p\000t\000i\000o\000n}{section.9.4}% 353
\BOOKMARK [1][-]{section.9.5}{\376\377\0009\000.\0005\000\040\000f\000i\000l\000t\000e\000r\000s\000.\000h}{chapter.9}% 354
\BOOKMARK [1][-]{section.9.6}{\376\377\0009\000.\0006\000\040\000l\000i\000b\000/\000j\000o\000i\000n\000t\000\137\000f\000i\000r\000m\000w\000a\000r\000e\000/\000j\000o\000i\000n\000t\000/\000j\000o\000i\000n\000t\000.\000h\000\040\000F\000i\000l\000e\000\040\000R\000e\000f\000e\000r\000e\000n\000c\000e}{chapter.9}% 355
\BOOKMARK [2][-]{subsection.9.6.1}{\376\377\0009\000.\0006\000.\0001\000\040\000D\000e\000t\000a\000i\000l\000e\000d\000\040\000D\000e\000s\000c\000r\000i\000p\000t\000i\000o\000n}{section.9.6}% 356
\BOOKMARK [2][-]{subsection.9.6.2}{\376\377\0009\000.\0006\000.\0002\000\040\000M\000a\000c\000r\000o\000\040\000D\000e\000f\000i\000n\000i\000t\000i\000o\000n\000\040\000D\000o\000c\000u\000m\000e\000n\000t\000a\000t\000i\000o\000n}{section.9.6}% 357
\BOOKMARK [3][-]{subsubsection.9.6.2.1}{\376\377\0009\000.\0006\000.\0002\000.\0001\000\040\000A\000C\000K}{subsection.9.6.2}% 358
\BOOKMARK [3][-]{subsubsection.9.6.2.2}{\376\377\0009\000.\0006\000.\0002\000.\0002\000\040\000D\000U\000M\000P\000\137\000B\000U\000F\000F\000E\000R}{subsection.9.6.2}% 359
\BOOKMARK [3][-]{subsubsection.9.6.2.3}{\376\377\0009\000.\0006\000.\0002\000.\0003\000\040\000M\000A\000X\000\137\000B\000U\000F\000F\000E\000R}{subsection.9.6.2}% 360
\BOOKMARK [3][-]{subsubsection.9.6.2.4}{\376\377\0009\000.\0006\000.\0002\000.\0004\000\040\000N\000A\000C\000K}{subsection.9.6.2}% 361
\BOOKMARK [3][-]{subsubsection.9.6.2.5}{\376\377\0009\000.\0006\000.\0002\000.\0005\000\040\000R\000F\000L\000A\000G\000S\000\137\000S\000I\000Z\000E}{subsection.9.6.2}% 362
\BOOKMARK [2][-]{subsection.9.6.3}{\376\377\0009\000.\0006\000.\0003\000\040\000E\000n\000u\000m\000e\000r\000a\000t\000i\000o\000n\000\040\000T\000y\000p\000e\000\040\000D\000o\000c\000u\000m\000e\000n\000t\000a\000t\000i\000o\000n}{section.9.6}% 363
\BOOKMARK [3][-]{subsubsection.9.6.3.1}{\376\377\0009\000.\0006\000.\0003\000.\0001\000\040\000s\000t\000p\000\137\000r\000e\000g\000\137\000t}{subsection.9.6.3}% 364
\BOOKMARK [2][-]{subsection.9.6.4}{\376\377\0009\000.\0006\000.\0004\000\040\000F\000u\000n\000c\000t\000i\000o\000n\000\040\000D\000o\000c\000u\000m\000e\000n\000t\000a\000t\000i\000o\000n}{section.9.6}% 365
\BOOKMARK [3][-]{subsubsection.9.6.4.1}{\376\377\0009\000.\0006\000.\0004\000.\0001\000\040\000r\000e\000a\000d\000V\000a\000l\000u\000e\000\050\000\051}{subsection.9.6.4}% 366
\BOOKMARK [3][-]{subsubsection.9.6.4.2}{\376\377\0009\000.\0006\000.\0004\000.\0002\000\040\000w\000r\000i\000t\000e\000V\000a\000l\000u\000e\000\050\000\051}{subsection.9.6.4}% 367
\BOOKMARK [1][-]{section.9.7}{\376\377\0009\000.\0007\000\040\000j\000o\000i\000n\000t\000.\000h}{chapter.9}% 368
\BOOKMARK [1][-]{section.9.8}{\376\377\0009\000.\0008\000\040\000l\000i\000b\000/\000j\000o\000i\000n\000t\000\137\000f\000i\000r\000m\000w\000a\000r\000e\000/\000j\000o\000i\000n\000t\000/\000j\000o\000i\000n\000t\000.\000i\000n\000o\000\040\000F\000i\000l\000e\000\040\000R\000e\000f\000e\000r\000e\000n\000c\000e}{chapter.9}% 369
\BOOKMARK [2][-]{subsection.9.8.1}{\376\377\0009\000.\0008\000.\0001\000\040\000D\000e\000t\000a\000i\000l\000e\000d\000\040\000D\000e\000s\000c\000r\000i\000p\000t\000i\000o\000n}{section.9.8}% 370
\BOOKMARK [2][-]{subsection.9.8.2}{\376\377\0009\000.\0008\000.\0002\000\040\000M\000a\000c\000r\000o\000\040\000D\000e\000f\000i\000n\000i\000t\000i\000o\000n\000\040\000D\000o\000c\000u\000m\000e\000n\000t\000a\000t\000i\000o\000n}{section.9.8}% 371
\BOOKMARK [3][-]{subsubsection.9.8.2.1}{\376\377\0009\000.\0008\000.\0002\000.\0001\000\040\000J\0004}{subsection.9.8.2}% 372
\BOOKMARK [2][-]{subsection.9.8.3}{\376\377\0009\000.\0008\000.\0003\000\040\000F\000u\000n\000c\000t\000i\000o\000n\000\040\000D\000o\000c\000u\000m\000e\000n\000t\000a\000t\000i\000o\000n}{section.9.8}% 373
\BOOKMARK [3][-]{subsubsection.9.8.3.1}{\376\377\0009\000.\0008\000.\0003\000.\0001\000\040\000b\000l\000o\000c\000k\000i\000n\000g\000\137\000h\000a\000n\000d\000l\000e\000r\000\050\000\051}{subsection.9.8.3}% 374
\BOOKMARK [3][-]{subsubsection.9.8.3.2}{\376\377\0009\000.\0008\000.\0003\000.\0002\000\040\000l\000o\000o\000p\000\050\000\051}{subsection.9.8.3}% 375
\BOOKMARK [3][-]{subsubsection.9.8.3.3}{\376\377\0009\000.\0008\000.\0003\000.\0003\000\040\000n\000o\000n\000\137\000b\000l\000o\000c\000k\000i\000n\000g\000\137\000h\000a\000n\000d\000l\000e\000r\000\050\000\051}{subsection.9.8.3}% 376
\BOOKMARK [3][-]{subsubsection.9.8.3.4}{\376\377\0009\000.\0008\000.\0003\000.\0004\000\040\000r\000e\000c\000e\000i\000v\000e\000E\000v\000e\000n\000t\000\050\000\051}{subsection.9.8.3}% 377
\BOOKMARK [3][-]{subsubsection.9.8.3.5}{\376\377\0009\000.\0008\000.\0003\000.\0005\000\040\000r\000e\000q\000u\000e\000s\000t\000E\000v\000e\000n\000t\000\050\000\051}{subsection.9.8.3}% 378
\BOOKMARK [3][-]{subsubsection.9.8.3.6}{\376\377\0009\000.\0008\000.\0003\000.\0006\000\040\000s\000e\000t\000\137\000f\000l\000a\000g\000s\000\137\000f\000o\000r\000\137\000b\000l\000o\000c\000k\000i\000n\000g\000\137\000h\000a\000n\000d\000l\000e\000r\000\050\000\051}{subsection.9.8.3}% 379
\BOOKMARK [3][-]{subsubsection.9.8.3.7}{\376\377\0009\000.\0008\000.\0003\000.\0007\000\040\000s\000e\000t\000u\000p\000\050\000\051}{subsection.9.8.3}% 380
\BOOKMARK [2][-]{subsection.9.8.4}{\376\377\0009\000.\0008\000.\0004\000\040\000V\000a\000r\000i\000a\000b\000l\000e\000\040\000D\000o\000c\000u\000m\000e\000n\000t\000a\000t\000i\000o\000n}{section.9.8}% 381
\BOOKMARK [3][-]{subsubsection.9.8.4.1}{\376\377\0009\000.\0008\000.\0004\000.\0001\000\040\000b\000l\000k\000\137\000r\000e\000g}{subsection.9.8.4}% 382
\BOOKMARK [3][-]{subsubsection.9.8.4.2}{\376\377\0009\000.\0008\000.\0004\000.\0002\000\040\000r\000e\000g}{subsection.9.8.4}% 383
\BOOKMARK [3][-]{subsubsection.9.8.4.3}{\376\377\0009\000.\0008\000.\0004\000.\0003\000\040\000r\000x\000\137\000b\000u\000f}{subsection.9.8.4}% 384
\BOOKMARK [3][-]{subsubsection.9.8.4.4}{\376\377\0009\000.\0008\000.\0004\000.\0004\000\040\000r\000x\000\137\000d\000a\000t\000a\000\137\000r\000e\000a\000d\000y}{subsection.9.8.4}% 385
\BOOKMARK [3][-]{subsubsection.9.8.4.5}{\376\377\0009\000.\0008\000.\0004\000.\0005\000\040\000r\000x\000\137\000l\000e\000n\000g\000t\000h}{subsection.9.8.4}% 386
\BOOKMARK [3][-]{subsubsection.9.8.4.6}{\376\377\0009\000.\0008\000.\0004\000.\0006\000\040\000s\000t\000e\000p\000p\000e\000r}{subsection.9.8.4}% 387
\BOOKMARK [3][-]{subsubsection.9.8.4.7}{\376\377\0009\000.\0008\000.\0004\000.\0007\000\040\000t\000x\000\137\000b\000u\000f}{subsection.9.8.4}% 388
\BOOKMARK [3][-]{subsubsection.9.8.4.8}{\376\377\0009\000.\0008\000.\0004\000.\0008\000\040\000t\000x\000\137\000l\000e\000n\000g\000t\000h}{subsection.9.8.4}% 389
\BOOKMARK [1][-]{section.9.9}{\376\377\0009\000.\0009\000\040\000l\000i\000b\000/\000j\000o\000i\000n\000t\000\137\000f\000i\000r\000m\000w\000a\000r\000e\000/\000j\000o\000i\000n\000t\000/\000s\000t\000a\000l\000l\000.\000h\000\040\000F\000i\000l\000e\000\040\000R\000e\000f\000e\000r\000e\000n\000c\000e}{chapter.9}% 390
\BOOKMARK [2][-]{subsection.9.9.1}{\376\377\0009\000.\0009\000.\0001\000\040\000D\000e\000t\000a\000i\000l\000e\000d\000\040\000D\000e\000s\000c\000r\000i\000p\000t\000i\000o\000n}{section.9.9}% 391
\BOOKMARK [2][-]{subsection.9.9.2}{\376\377\0009\000.\0009\000.\0002\000\040\000F\000u\000n\000c\000t\000i\000o\000n\000\040\000D\000o\000c\000u\000m\000e\000n\000t\000a\000t\000i\000o\000n}{section.9.9}% 392
\BOOKMARK [3][-]{subsubsection.9.9.2.1}{\376\377\0009\000.\0009\000.\0002\000.\0001\000\040\000s\000t\000a\000l\000l\000\137\000t\000h\000r\000e\000s\000h\000o\000l\000d\000\050\000\051}{subsection.9.9.2}% 393
\BOOKMARK [1][-]{section.9.10}{\376\377\0009\000.\0001\0000\000\040\000s\000t\000a\000l\000l\000.\000h}{chapter.9}% 394
\BOOKMARK [1][-]{section.9.11}{\376\377\0009\000.\0001\0001\000\040\000l\000i\000b\000/\000r\000o\000s\0002\000\137\000w\000s\000/\000s\000r\000c\000/\000b\000i\000o\000s\000c\000a\000r\000a\000\137\000r\000v\000i\000z\000\137\000p\000l\000u\000g\000i\000n\000/\000i\000n\000c\000l\000u\000d\000e\000/\000b\000i\000o\000s\000c\000a\000r\000a\000\137\000r\000v\000i\000z\000\137\000p\000l\000u\000g\000i\000n\000/\000b\000i\000o\000s\000c\000a\000r\000a\000\137\000p\000a\000n\000e\000l\000.\000h\000p\000p\000\040\000F\000i\000l\000e\000\040\000R\000e\000f\000e\000r\000e\000n\000c\000e}{chapter.9}% 395
\BOOKMARK [1][-]{section.9.12}{\376\377\0009\000.\0001\0002\000\040\000b\000i\000o\000s\000c\000a\000r\000a\000\137\000p\000a\000n\000e\000l\000.\000h\000p\000p}{chapter.9}% 396
\BOOKMARK [1][-]{section.9.13}{\376\377\0009\000.\0001\0003\000\040\000l\000i\000b\000/\000r\000o\000s\0002\000\137\000w\000s\000/\000s\000r\000c\000/\000b\000i\000o\000s\000c\000a\000r\000a\000\137\000r\000v\000i\000z\000\137\000p\000l\000u\000g\000i\000n\000/\000s\000r\000c\000/\000b\000i\000o\000s\000c\000a\000r\000a\000\137\000p\000a\000n\000e\000l\000.\000c\000p\000p\000\040\000F\000i\000l\000e\000\040\000R\000e\000f\000e\000r\000e\000n\000c\000e}{chapter.9}% 397
\BOOKMARK [1][-]{section.9.14}{\376\377\0009\000.\0001\0004\000\040\000l\000i\000b\000/\000r\000o\000s\0002\000\137\000w\000s\000/\000s\000r\000c\000/\000d\000a\000l\000s\000a\000\137\000b\000i\000o\000s\000c\000a\000r\000a\000\137\000a\000r\000m\000/\000b\000i\000o\000s\000c\000a\000r\000a\000\137\000a\000r\000m\000\137\000h\000a\000r\000d\000w\000a\000r\000e\000\137\000d\000r\000i\000v\000e\000r\000/\000i\000n\000c\000l\000u\000d\000e\000/\000b\000i\000o\000s\000c\000a\000r\000a\000\137\000a\000r\000m\000\137\000h\000a\000r\000d\000w\000a\000r\000e\000\137\000d\000r\000i\000v\000e\000r\000/\000c\000o\000m\000m\000o\000n\000.\000h\000\040\000F\000i\000l\000e\000\040\000R\000e\000f\000e\000r\000e\000n\000c\000e}{chapter.9}% 398
\BOOKMARK [2][-]{subsection.9.14.1}{\376\377\0009\000.\0001\0004\000.\0001\000\040\000D\000e\000t\000a\000i\000l\000e\000d\000\040\000D\000e\000s\000c\000r\000i\000p\000t\000i\000o\000n}{section.9.14}% 399
\BOOKMARK [2][-]{subsection.9.14.2}{\376\377\0009\000.\0001\0004\000.\0002\000\040\000M\000a\000c\000r\000o\000\040\000D\000e\000f\000i\000n\000i\000t\000i\000o\000n\000\040\000D\000o\000c\000u\000m\000e\000n\000t\000a\000t\000i\000o\000n}{section.9.14}% 400
\BOOKMARK [3][-]{subsubsection.9.14.2.1}{\376\377\0009\000.\0001\0004\000.\0002\000.\0001\000\040\000D\000U\000M\000P\000\137\000B\000U\000F\000F\000E\000R}{subsection.9.14.2}% 401
\BOOKMARK [1][-]{section.9.15}{\376\377\0009\000.\0001\0005\000\040\000c\000o\000m\000m\000o\000n\000.\000h}{chapter.9}% 402
\BOOKMARK [1][-]{section.9.16}{\376\377\0009\000.\0001\0006\000\040\000l\000i\000b\000/\000r\000o\000s\0002\000\137\000w\000s\000/\000s\000r\000c\000/\000d\000a\000l\000s\000a\000\137\000b\000i\000o\000s\000c\000a\000r\000a\000\137\000a\000r\000m\000/\000b\000i\000o\000s\000c\000a\000r\000a\000\137\000a\000r\000m\000\137\000h\000a\000r\000d\000w\000a\000r\000e\000\137\000d\000r\000i\000v\000e\000r\000/\000i\000n\000c\000l\000u\000d\000e\000/\000b\000i\000o\000s\000c\000a\000r\000a\000\137\000a\000r\000m\000\137\000h\000a\000r\000d\000w\000a\000r\000e\000\137\000d\000r\000i\000v\000e\000r\000/\000m\000B\000a\000s\000e\000J\000o\000i\000n\000t\000.\000h\000\040\000F\000i\000l\000e\000\040\000R\000e\000f\000e\000r\000e\000n\000c\000e}{chapter.9}% 403
\BOOKMARK [2][-]{subsection.9.16.1}{\376\377\0009\000.\0001\0006\000.\0001\000\040\000D\000e\000t\000a\000i\000l\000e\000d\000\040\000D\000e\000s\000c\000r\000i\000p\000t\000i\000o\000n}{section.9.16}% 404
\BOOKMARK [1][-]{section.9.17}{\376\377\0009\000.\0001\0007\000\040\000m\000B\000a\000s\000e\000J\000o\000i\000n\000t\000.\000h}{chapter.9}% 405
\BOOKMARK [1][-]{section.9.18}{\376\377\0009\000.\0001\0008\000\040\000l\000i\000b\000/\000r\000o\000s\0002\000\137\000w\000s\000/\000s\000r\000c\000/\000d\000a\000l\000s\000a\000\137\000b\000i\000o\000s\000c\000a\000r\000a\000\137\000a\000r\000m\000/\000b\000i\000o\000s\000c\000a\000r\000a\000\137\000a\000r\000m\000\137\000h\000a\000r\000d\000w\000a\000r\000e\000\137\000d\000r\000i\000v\000e\000r\000/\000i\000n\000c\000l\000u\000d\000e\000/\000b\000i\000o\000s\000c\000a\000r\000a\000\137\000a\000r\000m\000\137\000h\000a\000r\000d\000w\000a\000r\000e\000\137\000d\000r\000i\000v\000e\000r\000/\000m\000J\000o\000i\000n\000t\000.\000h\000\040\000F\000i\000l\000e\000\040\000R\000e\000f\000e\000r\000e\000n\000c\000e}{chapter.9}% 406
\BOOKMARK [2][-]{subsection.9.18.1}{\376\377\0009\000.\0001\0008\000.\0001\000\040\000D\000e\000t\000a\000i\000l\000e\000d\000\040\000D\000e\000s\000c\000r\000i\000p\000t\000i\000o\000n}{section.9.18}% 407
\BOOKMARK [1][-]{section.9.19}{\376\377\0009\000.\0001\0009\000\040\000m\000J\000o\000i\000n\000t\000.\000h}{chapter.9}% 408
\BOOKMARK [1][-]{section.9.20}{\376\377\0009\000.\0002\0000\000\040\000l\000i\000b\000/\000r\000o\000s\0002\000\137\000w\000s\000/\000s\000r\000c\000/\000d\000a\000l\000s\000a\000\137\000b\000i\000o\000s\000c\000a\000r\000a\000\137\000a\000r\000m\000/\000b\000i\000o\000s\000c\000a\000r\000a\000\137\000a\000r\000m\000\137\000h\000a\000r\000d\000w\000a\000r\000e\000\137\000d\000r\000i\000v\000e\000r\000/\000i\000n\000c\000l\000u\000d\000e\000/\000b\000i\000o\000s\000c\000a\000r\000a\000\137\000a\000r\000m\000\137\000h\000a\000r\000d\000w\000a\000r\000e\000\137\000d\000r\000i\000v\000e\000r\000/\000m\000J\000o\000i\000n\000t\000.\000h\000p\000p\000\040\000F\000i\000l\000e\000\040\000R\000e\000f\000e\000r\000e\000n\000c\000e}{chapter.9}% 409
\BOOKMARK [2][-]{subsection.9.20.1}{\376\377\0009\000.\0002\0000\000.\0001\000\040\000D\000e\000t\000a\000i\000l\000e\000d\000\040\000D\000e\000s\000c\000r\000i\000p\000t\000i\000o\000n}{section.9.20}% 410
\BOOKMARK [1][-]{section.9.21}{\376\377\0009\000.\0002\0001\000\040\000m\000J\000o\000i\000n\000t\000.\000h\000p\000p}{chapter.9}% 411
\BOOKMARK [1][-]{section.9.22}{\376\377\0009\000.\0002\0002\000\040\000l\000i\000b\000/\000r\000o\000s\0002\000\137\000w\000s\000/\000s\000r\000c\000/\000d\000a\000l\000s\000a\000\137\000b\000i\000o\000s\000c\000a\000r\000a\000\137\000a\000r\000m\000/\000b\000i\000o\000s\000c\000a\000r\000a\000\137\000a\000r\000m\000\137\000h\000a\000r\000d\000w\000a\000r\000e\000\137\000d\000r\000i\000v\000e\000r\000/\000i\000n\000c\000l\000u\000d\000e\000/\000b\000i\000o\000s\000c\000a\000r\000a\000\137\000a\000r\000m\000\137\000h\000a\000r\000d\000w\000a\000r\000e\000\137\000d\000r\000i\000v\000e\000r\000/\000m\000M\000o\000c\000k\000J\000o\000i\000n\000t\000.\000h\000\040\000F\000i\000l\000e\000\040\000R\000e\000f\000e\000r\000e\000n\000c\000e}{chapter.9}% 412
\BOOKMARK [2][-]{subsection.9.22.1}{\376\377\0009\000.\0002\0002\000.\0001\000\040\000D\000e\000t\000a\000i\000l\000e\000d\000\040\000D\000e\000s\000c\000r\000i\000p\000t\000i\000o\000n}{section.9.22}% 413
\BOOKMARK [1][-]{section.9.23}{\376\377\0009\000.\0002\0003\000\040\000m\000M\000o\000c\000k\000J\000o\000i\000n\000t\000.\000h}{chapter.9}% 414
\BOOKMARK [1][-]{section.9.24}{\376\377\0009\000.\0002\0004\000\040\000l\000i\000b\000/\000r\000o\000s\0002\000\137\000w\000s\000/\000s\000r\000c\000/\000d\000a\000l\000s\000a\000\137\000b\000i\000o\000s\000c\000a\000r\000a\000\137\000a\000r\000m\000/\000b\000i\000o\000s\000c\000a\000r\000a\000\137\000a\000r\000m\000\137\000h\000a\000r\000d\000w\000a\000r\000e\000\137\000d\000r\000i\000v\000e\000r\000/\000i\000n\000c\000l\000u\000d\000e\000/\000b\000i\000o\000s\000c\000a\000r\000a\000\137\000a\000r\000m\000\137\000h\000a\000r\000d\000w\000a\000r\000e\000\137\000d\000r\000i\000v\000e\000r\000/\000u\000E\000r\000r\000.\000h\000\040\000F\000i\000l\000e\000\040\000R\000e\000f\000e\000r\000e\000n\000c\000e}{chapter.9}% 415
\BOOKMARK [2][-]{subsection.9.24.1}{\376\377\0009\000.\0002\0004\000.\0001\000\040\000D\000e\000t\000a\000i\000l\000e\000d\000\040\000D\000e\000s\000c\000r\000i\000p\000t\000i\000o\000n}{section.9.24}% 416
\BOOKMARK [2][-]{subsection.9.24.2}{\376\377\0009\000.\0002\0004\000.\0002\000\040\000M\000a\000c\000r\000o\000\040\000D\000e\000f\000i\000n\000i\000t\000i\000o\000n\000\040\000D\000o\000c\000u\000m\000e\000n\000t\000a\000t\000i\000o\000n}{section.9.24}% 417
\BOOKMARK [3][-]{subsubsection.9.24.2.1}{\376\377\0009\000.\0002\0004\000.\0002\000.\0001\000\040\000R\000E\000T\000U\000R\000N\000\137\000O\000N\000\137\000E\000R\000R\000O\000R}{subsection.9.24.2}% 418
\BOOKMARK [3][-]{subsubsection.9.24.2.2}{\376\377\0009\000.\0002\0004\000.\0002\000.\0002\000\040\000R\000E\000T\000U\000R\000N\000\137\000O\000N\000\137\000F\000A\000L\000S\000E}{subsection.9.24.2}% 419
\BOOKMARK [3][-]{subsubsection.9.24.2.3}{\376\377\0009\000.\0002\0004\000.\0002\000.\0003\000\040\000R\000E\000T\000U\000R\000N\000\137\000O\000N\000\137\000N\000E\000G\000A\000T\000I\000V\000E}{subsection.9.24.2}% 420
\BOOKMARK [1][-]{section.9.25}{\376\377\0009\000.\0002\0005\000\040\000u\000E\000r\000r\000.\000h}{chapter.9}% 421
\BOOKMARK [1][-]{section.9.26}{\376\377\0009\000.\0002\0006\000\040\000l\000i\000b\000/\000r\000o\000s\0002\000\137\000w\000s\000/\000s\000r\000c\000/\000d\000a\000l\000s\000a\000\137\000b\000i\000o\000s\000c\000a\000r\000a\000\137\000a\000r\000m\000/\000b\000i\000o\000s\000c\000a\000r\000a\000\137\000a\000r\000m\000\137\000h\000a\000r\000d\000w\000a\000r\000e\000\137\000d\000r\000i\000v\000e\000r\000/\000i\000n\000c\000l\000u\000d\000e\000/\000b\000i\000o\000s\000c\000a\000r\000a\000\137\000a\000r\000m\000\137\000h\000a\000r\000d\000w\000a\000r\000e\000\137\000d\000r\000i\000v\000e\000r\000/\000u\000I\0002\000C\000.\000h\000\040\000F\000i\000l\000e\000\040\000R\000e\000f\000e\000r\000e\000n\000c\000e}{chapter.9}% 422
\BOOKMARK [2][-]{subsection.9.26.1}{\376\377\0009\000.\0002\0006\000.\0001\000\040\000D\000e\000t\000a\000i\000l\000e\000d\000\040\000D\000e\000s\000c\000r\000i\000p\000t\000i\000o\000n}{section.9.26}% 423
\BOOKMARK [2][-]{subsection.9.26.2}{\376\377\0009\000.\0002\0006\000.\0002\000\040\000M\000a\000c\000r\000o\000\040\000D\000e\000f\000i\000n\000i\000t\000i\000o\000n\000\040\000D\000o\000c\000u\000m\000e\000n\000t\000a\000t\000i\000o\000n}{section.9.26}% 424
\BOOKMARK [3][-]{subsubsection.9.26.2.1}{\376\377\0009\000.\0002\0006\000.\0002\000.\0001\000\040\000A\000C\000K}{subsection.9.26.2}% 425
\BOOKMARK [3][-]{subsubsection.9.26.2.2}{\376\377\0009\000.\0002\0006\000.\0002\000.\0002\000\040\000M\000A\000X\000\137\000B\000U\000F\000F\000E\000R}{subsection.9.26.2}% 426
\BOOKMARK [3][-]{subsubsection.9.26.2.3}{\376\377\0009\000.\0002\0006\000.\0002\000.\0003\000\040\000N\000A\000C\000K}{subsection.9.26.2}% 427
\BOOKMARK [3][-]{subsubsection.9.26.2.4}{\376\377\0009\000.\0002\0006\000.\0002\000.\0004\000\040\000R\000F\000L\000A\000G\000S\000\137\000S\000I\000Z\000E}{subsection.9.26.2}% 428
\BOOKMARK [2][-]{subsection.9.26.3}{\376\377\0009\000.\0002\0006\000.\0003\000\040\000F\000u\000n\000c\000t\000i\000o\000n\000\040\000D\000o\000c\000u\000m\000e\000n\000t\000a\000t\000i\000o\000n}{section.9.26}% 429
\BOOKMARK [3][-]{subsubsection.9.26.3.1}{\376\377\0009\000.\0002\0006\000.\0003\000.\0001\000\040\000c\000l\000o\000s\000e\000I\0002\000C\000D\000e\000v\000H\000a\000n\000d\000l\000e\000\050\000\051}{subsection.9.26.3}% 430
\BOOKMARK [3][-]{subsubsection.9.26.3.2}{\376\377\0009\000.\0002\0006\000.\0003\000.\0002\000\040\000o\000p\000e\000n\000I\0002\000C\000D\000e\000v\000H\000a\000n\000d\000l\000e\000\050\000\051}{subsection.9.26.3}% 431
\BOOKMARK [3][-]{subsubsection.9.26.3.3}{\376\377\0009\000.\0002\0006\000.\0003\000.\0003\000\040\000r\000e\000a\000d\000F\000r\000o\000m\000I\0002\000C\000D\000e\000v\000\050\000\051}{subsection.9.26.3}% 432
\BOOKMARK [3][-]{subsubsection.9.26.3.4}{\376\377\0009\000.\0002\0006\000.\0003\000.\0004\000\040\000w\000r\000i\000t\000e\000T\000o\000I\0002\000C\000D\000e\000v\000\050\000\051}{subsection.9.26.3}% 433
\BOOKMARK [1][-]{section.9.27}{\376\377\0009\000.\0002\0007\000\040\000u\000I\0002\000C\000.\000h}{chapter.9}% 434
\BOOKMARK [1][-]{section.9.28}{\376\377\0009\000.\0002\0008\000\040\000l\000i\000b\000/\000r\000o\000s\0002\000\137\000w\000s\000/\000s\000r\000c\000/\000d\000a\000l\000s\000a\000\137\000b\000i\000o\000s\000c\000a\000r\000a\000\137\000a\000r\000m\000/\000b\000i\000o\000s\000c\000a\000r\000a\000\137\000a\000r\000m\000\137\000h\000a\000r\000d\000w\000a\000r\000e\000\137\000d\000r\000i\000v\000e\000r\000/\000i\000n\000c\000l\000u\000d\000e\000/\000b\000i\000o\000s\000c\000a\000r\000a\000\137\000a\000r\000m\000\137\000h\000a\000r\000d\000w\000a\000r\000e\000\137\000d\000r\000i\000v\000e\000r\000/\000u\000T\000r\000a\000n\000s\000m\000i\000s\000s\000i\000o\000n\000.\000h\000\040\000F\000i\000l\000e\000\040\000R\000e\000f\000e\000r\000e\000n\000c\000e}{chapter.9}% 435
\BOOKMARK [2][-]{subsection.9.28.1}{\376\377\0009\000.\0002\0008\000.\0001\000\040\000M\000a\000c\000r\000o\000\040\000D\000e\000f\000i\000n\000i\000t\000i\000o\000n\000\040\000D\000o\000c\000u\000m\000e\000n\000t\000a\000t\000i\000o\000n}{section.9.28}% 436
\BOOKMARK [3][-]{subsubsection.9.28.1.1}{\376\377\0009\000.\0002\0008\000.\0001\000.\0001\000\040\000A\000C\000T\000U\000A\000T\000O\000R\0002\000J\000O\000I\000N\000T}{subsection.9.28.1}% 437
\BOOKMARK [3][-]{subsubsection.9.28.1.2}{\376\377\0009\000.\0002\0008\000.\0001\000.\0002\000\040\000D\000E\000G\0002\000R\000A\000D}{subsection.9.28.1}% 438
\BOOKMARK [3][-]{subsubsection.9.28.1.3}{\376\377\0009\000.\0002\0008\000.\0001\000.\0003\000\040\000J\000O\000I\000N\000T\0002\000A\000C\000T\000U\000A\000T\000O\000R}{subsection.9.28.1}% 439
\BOOKMARK [3][-]{subsubsection.9.28.1.4}{\376\377\0009\000.\0002\0008\000.\0001\000.\0004\000\040\000M\000\137\000P\000I}{subsection.9.28.1}% 440
\BOOKMARK [3][-]{subsubsection.9.28.1.5}{\376\377\0009\000.\0002\0008\000.\0001\000.\0005\000\040\000R\000A\000D\0002\000D\000E\000G}{subsection.9.28.1}% 441
\BOOKMARK [1][-]{section.9.29}{\376\377\0009\000.\0002\0009\000\040\000u\000T\000r\000a\000n\000s\000m\000i\000s\000s\000i\000o\000n\000.\000h}{chapter.9}% 442
\BOOKMARK [1][-]{section.9.30}{\376\377\0009\000.\0003\0000\000\040\000l\000i\000b\000/\000r\000o\000s\0002\000\137\000w\000s\000/\000s\000r\000c\000/\000d\000a\000l\000s\000a\000\137\000b\000i\000o\000s\000c\000a\000r\000a\000\137\000a\000r\000m\000/\000b\000i\000o\000s\000c\000a\000r\000a\000\137\000a\000r\000m\000\137\000h\000a\000r\000d\000w\000a\000r\000e\000\137\000d\000r\000i\000v\000e\000r\000/\000s\000r\000c\000/\000j\000o\000i\000n\000t\000\137\000c\000o\000m\000m\000\137\000n\000o\000d\000e\000.\000c\000p\000p\000\040\000F\000i\000l\000e\000\040\000R\000e\000f\000e\000r\000e\000n\000c\000e}{chapter.9}% 443
\BOOKMARK [2][-]{subsection.9.30.1}{\376\377\0009\000.\0003\0000\000.\0001\000\040\000F\000u\000n\000c\000t\000i\000o\000n\000\040\000D\000o\000c\000u\000m\000e\000n\000t\000a\000t\000i\000o\000n}{section.9.30}% 444
\BOOKMARK [3][-]{subsubsection.9.30.1.1}{\376\377\0009\000.\0003\0000\000.\0001\000.\0001\000\040\000I\000N\000T\000\137\000h\000a\000n\000d\000l\000e\000r\000\050\000\051}{subsection.9.30.1}% 445
\BOOKMARK [3][-]{subsubsection.9.30.1.2}{\376\377\0009\000.\0003\0000\000.\0001\000.\0002\000\040\000m\000a\000i\000n\000\050\000\051}{subsection.9.30.1}% 446
\BOOKMARK [2][-]{subsection.9.30.2}{\376\377\0009\000.\0003\0000\000.\0002\000\040\000V\000a\000r\000i\000a\000b\000l\000e\000\040\000D\000o\000c\000u\000m\000e\000n\000t\000a\000t\000i\000o\000n}{section.9.30}% 447
\BOOKMARK [3][-]{subsubsection.9.30.2.1}{\376\377\0009\000.\0003\0000\000.\0002\000.\0001\000\040\000J\0001}{subsection.9.30.2}% 448
\BOOKMARK [3][-]{subsubsection.9.30.2.2}{\376\377\0009\000.\0003\0000\000.\0002\000.\0002\000\040\000J\0002}{subsection.9.30.2}% 449
\BOOKMARK [3][-]{subsubsection.9.30.2.3}{\376\377\0009\000.\0003\0000\000.\0002\000.\0003\000\040\000J\0003}{subsection.9.30.2}% 450
\BOOKMARK [3][-]{subsubsection.9.30.2.4}{\376\377\0009\000.\0003\0000\000.\0002\000.\0004\000\040\000J\0004}{subsection.9.30.2}% 451
\BOOKMARK [1][-]{section.9.31}{\376\377\0009\000.\0003\0001\000\040\000l\000i\000b\000/\000r\000o\000s\0002\000\137\000w\000s\000/\000s\000r\000c\000/\000d\000a\000l\000s\000a\000\137\000b\000i\000o\000s\000c\000a\000r\000a\000\137\000a\000r\000m\000/\000b\000i\000o\000s\000c\000a\000r\000a\000\137\000a\000r\000m\000\137\000h\000a\000r\000d\000w\000a\000r\000e\000\137\000d\000r\000i\000v\000e\000r\000/\000s\000r\000c\000/\000m\000B\000a\000s\000e\000J\000o\000i\000n\000t\000.\000c\000p\000p\000\040\000F\000i\000l\000e\000\040\000R\000e\000f\000e\000r\000e\000n\000c\000e}{chapter.9}% 452
\BOOKMARK [1][-]{section.9.32}{\376\377\0009\000.\0003\0002\000\040\000l\000i\000b\000/\000r\000o\000s\0002\000\137\000w\000s\000/\000s\000r\000c\000/\000d\000a\000l\000s\000a\000\137\000b\000i\000o\000s\000c\000a\000r\000a\000\137\000a\000r\000m\000/\000b\000i\000o\000s\000c\000a\000r\000a\000\137\000a\000r\000m\000\137\000h\000a\000r\000d\000w\000a\000r\000e\000\137\000d\000r\000i\000v\000e\000r\000/\000s\000r\000c\000/\000m\000J\000o\000i\000n\000t\000.\000c\000p\000p\000\040\000F\000i\000l\000e\000\040\000R\000e\000f\000e\000r\000e\000n\000c\000e}{chapter.9}% 453
\BOOKMARK [1][-]{section.9.33}{\376\377\0009\000.\0003\0003\000\040\000l\000i\000b\000/\000r\000o\000s\0002\000\137\000w\000s\000/\000s\000r\000c\000/\000d\000a\000l\000s\000a\000\137\000b\000i\000o\000s\000c\000a\000r\000a\000\137\000a\000r\000m\000/\000b\000i\000o\000s\000c\000a\000r\000a\000\137\000a\000r\000m\000\137\000h\000a\000r\000d\000w\000a\000r\000e\000\137\000d\000r\000i\000v\000e\000r\000/\000s\000r\000c\000/\000m\000M\000o\000c\000k\000J\000o\000i\000n\000t\000.\000c\000p\000p\000\040\000F\000i\000l\000e\000\040\000R\000e\000f\000e\000r\000e\000n\000c\000e}{chapter.9}% 454
\BOOKMARK [1][-]{section.9.34}{\376\377\0009\000.\0003\0004\000\040\000l\000i\000b\000/\000r\000o\000s\0002\000\137\000w\000s\000/\000s\000r\000c\000/\000d\000a\000l\000s\000a\000\137\000b\000i\000o\000s\000c\000a\000r\000a\000\137\000a\000r\000m\000/\000b\000i\000o\000s\000c\000a\000r\000a\000\137\000a\000r\000m\000\137\000h\000a\000r\000d\000w\000a\000r\000e\000\137\000d\000r\000i\000v\000e\000r\000/\000s\000r\000c\000/\000u\000E\000r\000r\000.\000c\000p\000p\000\040\000F\000i\000l\000e\000\040\000R\000e\000f\000e\000r\000e\000n\000c\000e}{chapter.9}% 455
\BOOKMARK [1][-]{section.9.35}{\376\377\0009\000.\0003\0005\000\040\000l\000i\000b\000/\000r\000o\000s\0002\000\137\000w\000s\000/\000s\000r\000c\000/\000d\000a\000l\000s\000a\000\137\000b\000i\000o\000s\000c\000a\000r\000a\000\137\000a\000r\000m\000/\000b\000i\000o\000s\000c\000a\000r\000a\000\137\000a\000r\000m\000\137\000h\000a\000r\000d\000w\000a\000r\000e\000\137\000d\000r\000i\000v\000e\000r\000/\000s\000r\000c\000/\000u\000I\0002\000C\000.\000c\000p\000p\000\040\000F\000i\000l\000e\000\040\000R\000e\000f\000e\000r\000e\000n\000c\000e}{chapter.9}% 456
\BOOKMARK [2][-]{subsection.9.35.1}{\376\377\0009\000.\0003\0005\000.\0001\000\040\000F\000u\000n\000c\000t\000i\000o\000n\000\040\000D\000o\000c\000u\000m\000e\000n\000t\000a\000t\000i\000o\000n}{section.9.35}% 457
\BOOKMARK [3][-]{subsubsection.9.35.1.1}{\376\377\0009\000.\0003\0005\000.\0001\000.\0001\000\040\000c\000l\000o\000s\000e\000I\0002\000C\000D\000e\000v\000H\000a\000n\000d\000l\000e\000\050\000\051}{subsection.9.35.1}% 458
\BOOKMARK [3][-]{subsubsection.9.35.1.2}{\376\377\0009\000.\0003\0005\000.\0001\000.\0002\000\040\000o\000p\000e\000n\000I\0002\000C\000D\000e\000v\000H\000a\000n\000d\000l\000e\000\050\000\051}{subsection.9.35.1}% 459
\BOOKMARK [3][-]{subsubsection.9.35.1.3}{\376\377\0009\000.\0003\0005\000.\0001\000.\0003\000\040\000r\000e\000a\000d\000F\000r\000o\000m\000I\0002\000C\000D\000e\000v\000\050\000\051}{subsection.9.35.1}% 460
\BOOKMARK [3][-]{subsubsection.9.35.1.4}{\376\377\0009\000.\0003\0005\000.\0001\000.\0004\000\040\000w\000r\000i\000t\000e\000T\000o\000I\0002\000C\000D\000e\000v\000\050\000\051}{subsection.9.35.1}% 461
\BOOKMARK [1][-]{section.9.36}{\376\377\0009\000.\0003\0006\000\040\000l\000i\000b\000/\000r\000o\000s\0002\000\137\000w\000s\000/\000s\000r\000c\000/\000d\000a\000l\000s\000a\000\137\000b\000i\000o\000s\000c\000a\000r\000a\000\137\000a\000r\000m\000/\000b\000i\000o\000s\000c\000a\000r\000a\000\137\000a\000r\000m\000\137\000h\000a\000r\000d\000w\000a\000r\000e\000\137\000i\000n\000t\000e\000r\000f\000a\000c\000e\000/\000i\000n\000c\000l\000u\000d\000e\000/\000b\000i\000o\000s\000c\000a\000r\000a\000\137\000a\000r\000m\000\137\000h\000a\000r\000d\000w\000a\000r\000e\000\137\000i\000n\000t\000e\000r\000f\000a\000c\000e\000/\000a\000r\000m\000\137\000h\000a\000r\000d\000w\000a\000r\000e\000.\000h\000p\000p\000\040\000F\000i\000l\000e\000\040\000R\000e\000f\000e\000r\000e\000n\000c\000e}{chapter.9}% 462
\BOOKMARK [1][-]{section.9.37}{\376\377\0009\000.\0003\0007\000\040\000a\000r\000m\000\137\000h\000a\000r\000d\000w\000a\000r\000e\000.\000h\000p\000p}{chapter.9}% 463
\BOOKMARK [1][-]{section.9.38}{\376\377\0009\000.\0003\0008\000\040\000l\000i\000b\000/\000r\000o\000s\0002\000\137\000w\000s\000/\000s\000r\000c\000/\000d\000a\000l\000s\000a\000\137\000b\000i\000o\000s\000c\000a\000r\000a\000\137\000a\000r\000m\000/\000b\000i\000o\000s\000c\000a\000r\000a\000\137\000a\000r\000m\000\137\000h\000a\000r\000d\000w\000a\000r\000e\000\137\000i\000n\000t\000e\000r\000f\000a\000c\000e\000/\000s\000r\000c\000/\000a\000r\000m\000\137\000h\000a\000r\000d\000w\000a\000r\000e\000.\000c\000p\000p\000\040\000F\000i\000l\000e\000\040\000R\000e\000f\000e\000r\000e\000n\000c\000e}{chapter.9}% 464
\BOOKMARK [1][-]{section.9.39}{\376\377\0009\000.\0003\0009\000\040\000l\000i\000b\000/\000r\000o\000s\0002\000\137\000w\000s\000/\000s\000r\000c\000/\000d\000a\000l\000s\000a\000\137\000b\000i\000o\000s\000c\000a\000r\000a\000\137\000g\000r\000i\000p\000p\000e\000r\000s\000/\000b\000i\000o\000s\000c\000a\000r\000a\000\137\000g\000r\000i\000p\000p\000e\000r\000\137\000h\000a\000r\000d\000w\000a\000r\000e\000\137\000d\000r\000i\000v\000e\000r\000/\000i\000n\000c\000l\000u\000d\000e\000/\000b\000i\000o\000s\000c\000a\000r\000a\000\137\000g\000r\000i\000p\000p\000e\000r\000\137\000h\000a\000r\000d\000w\000a\000r\000e\000\137\000d\000r\000i\000v\000e\000r\000/\000m\000B\000a\000s\000e\000G\000r\000i\000p\000p\000e\000r\000.\000h\000\040\000F\000i\000l\000e\000\040\000R\000e\000f\000e\000r\000e\000n\000c\000e}{chapter.9}% 465
\BOOKMARK [2][-]{subsection.9.39.1}{\376\377\0009\000.\0003\0009\000.\0001\000\040\000D\000e\000t\000a\000i\000l\000e\000d\000\040\000D\000e\000s\000c\000r\000i\000p\000t\000i\000o\000n}{section.9.39}% 466
\BOOKMARK [1][-]{section.9.40}{\376\377\0009\000.\0004\0000\000\040\000m\000B\000a\000s\000e\000G\000r\000i\000p\000p\000e\000r\000.\000h}{chapter.9}% 467
\BOOKMARK [1][-]{section.9.41}{\376\377\0009\000.\0004\0001\000\040\000l\000i\000b\000/\000r\000o\000s\0002\000\137\000w\000s\000/\000s\000r\000c\000/\000d\000a\000l\000s\000a\000\137\000b\000i\000o\000s\000c\000a\000r\000a\000\137\000g\000r\000i\000p\000p\000e\000r\000s\000/\000b\000i\000o\000s\000c\000a\000r\000a\000\137\000g\000r\000i\000p\000p\000e\000r\000\137\000h\000a\000r\000d\000w\000a\000r\000e\000\137\000d\000r\000i\000v\000e\000r\000/\000i\000n\000c\000l\000u\000d\000e\000/\000b\000i\000o\000s\000c\000a\000r\000a\000\137\000g\000r\000i\000p\000p\000e\000r\000\137\000h\000a\000r\000d\000w\000a\000r\000e\000\137\000d\000r\000i\000v\000e\000r\000/\000m\000G\000r\000i\000p\000p\000e\000r\000.\000h\000\040\000F\000i\000l\000e\000\040\000R\000e\000f\000e\000r\000e\000n\000c\000e}{chapter.9}% 468
\BOOKMARK [2][-]{subsection.9.41.1}{\376\377\0009\000.\0004\0001\000.\0001\000\040\000D\000e\000t\000a\000i\000l\000e\000d\000\040\000D\000e\000s\000c\000r\000i\000p\000t\000i\000o\000n}{section.9.41}% 469
\BOOKMARK [1][-]{section.9.42}{\376\377\0009\000.\0004\0002\000\040\000m\000G\000r\000i\000p\000p\000e\000r\000.\000h}{chapter.9}% 470
\BOOKMARK [1][-]{section.9.43}{\376\377\0009\000.\0004\0003\000\040\000l\000i\000b\000/\000r\000o\000s\0002\000\137\000w\000s\000/\000s\000r\000c\000/\000d\000a\000l\000s\000a\000\137\000b\000i\000o\000s\000c\000a\000r\000a\000\137\000g\000r\000i\000p\000p\000e\000r\000s\000/\000b\000i\000o\000s\000c\000a\000r\000a\000\137\000g\000r\000i\000p\000p\000e\000r\000\137\000h\000a\000r\000d\000w\000a\000r\000e\000\137\000d\000r\000i\000v\000e\000r\000/\000i\000n\000c\000l\000u\000d\000e\000/\000b\000i\000o\000s\000c\000a\000r\000a\000\137\000g\000r\000i\000p\000p\000e\000r\000\137\000h\000a\000r\000d\000w\000a\000r\000e\000\137\000d\000r\000i\000v\000e\000r\000/\000m\000M\000o\000c\000k\000G\000r\000i\000p\000p\000e\000r\000.\000h\000\040\000F\000i\000l\000e\000\040\000R\000e\000f\000e\000r\000e\000n\000c\000e}{chapter.9}% 471
\BOOKMARK [2][-]{subsection.9.43.1}{\376\377\0009\000.\0004\0003\000.\0001\000\040\000D\000e\000t\000a\000i\000l\000e\000d\000\040\000D\000e\000s\000c\000r\000i\000p\000t\000i\000o\000n}{section.9.43}% 472
\BOOKMARK [1][-]{section.9.44}{\376\377\0009\000.\0004\0004\000\040\000m\000M\000o\000c\000k\000G\000r\000i\000p\000p\000e\000r\000.\000h}{chapter.9}% 473
\BOOKMARK [1][-]{section.9.45}{\376\377\0009\000.\0004\0005\000\040\000l\000i\000b\000/\000r\000o\000s\0002\000\137\000w\000s\000/\000s\000r\000c\000/\000d\000a\000l\000s\000a\000\137\000b\000i\000o\000s\000c\000a\000r\000a\000\137\000g\000r\000i\000p\000p\000e\000r\000s\000/\000b\000i\000o\000s\000c\000a\000r\000a\000\137\000g\000r\000i\000p\000p\000e\000r\000\137\000h\000a\000r\000d\000w\000a\000r\000e\000\137\000d\000r\000i\000v\000e\000r\000/\000i\000n\000c\000l\000u\000d\000e\000/\000b\000i\000o\000s\000c\000a\000r\000a\000\137\000g\000r\000i\000p\000p\000e\000r\000\137\000h\000a\000r\000d\000w\000a\000r\000e\000\137\000d\000r\000i\000v\000e\000r\000/\000u\000P\000W\000M\000.\000h\000\040\000F\000i\000l\000e\000\040\000R\000e\000f\000e\000r\000e\000n\000c\000e}{chapter.9}% 474
\BOOKMARK [2][-]{subsection.9.45.1}{\376\377\0009\000.\0004\0005\000.\0001\000\040\000D\000e\000t\000a\000i\000l\000e\000d\000\040\000D\000e\000s\000c\000r\000i\000p\000t\000i\000o\000n}{section.9.45}% 475
\BOOKMARK [1][-]{section.9.46}{\376\377\0009\000.\0004\0006\000\040\000u\000P\000W\000M\000.\000h}{chapter.9}% 476
\BOOKMARK [1][-]{section.9.47}{\376\377\0009\000.\0004\0007\000\040\000l\000i\000b\000/\000r\000o\000s\0002\000\137\000w\000s\000/\000s\000r\000c\000/\000d\000a\000l\000s\000a\000\137\000b\000i\000o\000s\000c\000a\000r\000a\000\137\000g\000r\000i\000p\000p\000e\000r\000s\000/\000b\000i\000o\000s\000c\000a\000r\000a\000\137\000g\000r\000i\000p\000p\000e\000r\000\137\000h\000a\000r\000d\000w\000a\000r\000e\000\137\000d\000r\000i\000v\000e\000r\000/\000s\000r\000c\000/\000m\000B\000a\000s\000e\000G\000r\000i\000p\000p\000e\000r\000.\000c\000p\000p\000\040\000F\000i\000l\000e\000\040\000R\000e\000f\000e\000r\000e\000n\000c\000e}{chapter.9}% 477
\BOOKMARK [1][-]{section.9.48}{\376\377\0009\000.\0004\0008\000\040\000l\000i\000b\000/\000r\000o\000s\0002\000\137\000w\000s\000/\000s\000r\000c\000/\000d\000a\000l\000s\000a\000\137\000b\000i\000o\000s\000c\000a\000r\000a\000\137\000g\000r\000i\000p\000p\000e\000r\000s\000/\000b\000i\000o\000s\000c\000a\000r\000a\000\137\000g\000r\000i\000p\000p\000e\000r\000\137\000h\000a\000r\000d\000w\000a\000r\000e\000\137\000d\000r\000i\000v\000e\000r\000/\000s\000r\000c\000/\000m\000G\000r\000i\000p\000p\000e\000r\000.\000c\000p\000p\000\040\000F\000i\000l\000e\000\040\000R\000e\000f\000e\000r\000e\000n\000c\000e}{chapter.9}% 478
\BOOKMARK [1][-]{section.9.49}{\376\377\0009\000.\0004\0009\000\040\000l\000i\000b\000/\000r\000o\000s\0002\000\137\000w\000s\000/\000s\000r\000c\000/\000d\000a\000l\000s\000a\000\137\000b\000i\000o\000s\000c\000a\000r\000a\000\137\000g\000r\000i\000p\000p\000e\000r\000s\000/\000b\000i\000o\000s\000c\000a\000r\000a\000\137\000g\000r\000i\000p\000p\000e\000r\000\137\000h\000a\000r\000d\000w\000a\000r\000e\000\137\000d\000r\000i\000v\000e\000r\000/\000s\000r\000c\000/\000m\000M\000o\000c\000k\000G\000r\000i\000p\000p\000e\000r\000.\000c\000p\000p\000\040\000F\000i\000l\000e\000\040\000R\000e\000f\000e\000r\000e\000n\000c\000e}{chapter.9}% 479
\BOOKMARK [1][-]{section.9.50}{\376\377\0009\000.\0005\0000\000\040\000l\000i\000b\000/\000r\000o\000s\0002\000\137\000w\000s\000/\000s\000r\000c\000/\000d\000a\000l\000s\000a\000\137\000b\000i\000o\000s\000c\000a\000r\000a\000\137\000g\000r\000i\000p\000p\000e\000r\000s\000/\000b\000i\000o\000s\000c\000a\000r\000a\000\137\000g\000r\000i\000p\000p\000e\000r\000\137\000h\000a\000r\000d\000w\000a\000r\000e\000\137\000i\000n\000t\000e\000r\000f\000a\000c\000e\000/\000i\000n\000c\000l\000u\000d\000e\000/\000b\000i\000o\000s\000c\000a\000r\000a\000\137\000g\000r\000i\000p\000p\000e\000r\000\137\000h\000a\000r\000d\000w\000a\000r\000e\000\137\000i\000n\000t\000e\000r\000f\000a\000c\000e\000/\000g\000r\000i\000p\000p\000e\000r\000\137\000h\000a\000r\000d\000w\000a\000r\000e\000.\000h\000p\000p\000\040\000F\000i\000l\000e\000\040\000R\000e\000f\000e\000r\000e\000n\000c\000e}{chapter.9}% 480
\BOOKMARK [1][-]{section.9.51}{\376\377\0009\000.\0005\0001\000\040\000g\000r\000i\000p\000p\000e\000r\000\137\000h\000a\000r\000d\000w\000a\000r\000e\000.\000h\000p\000p}{chapter.9}% 481
\BOOKMARK [1][-]{section.9.52}{\376\377\0009\000.\0005\0002\000\040\000l\000i\000b\000/\000r\000o\000s\0002\000\137\000w\000s\000/\000s\000r\000c\000/\000d\000a\000l\000s\000a\000\137\000b\000i\000o\000s\000c\000a\000r\000a\000\137\000g\000r\000i\000p\000p\000e\000r\000s\000/\000b\000i\000o\000s\000c\000a\000r\000a\000\137\000g\000r\000i\000p\000p\000e\000r\000\137\000h\000a\000r\000d\000w\000a\000r\000e\000\137\000i\000n\000t\000e\000r\000f\000a\000c\000e\000/\000s\000r\000c\000/\000g\000r\000i\000p\000p\000e\000r\000\137\000h\000a\000r\000d\000w\000a\000r\000e\000.\000c\000p\000p\000\040\000F\000i\000l\000e\000\040\000R\000e\000f\000e\000r\000e\000n\000c\000e}{chapter.9}% 482
\BOOKMARK [1][-]{section.9.53}{\376\377\0009\000.\0005\0003\000\040\000l\000i\000b\000/\000r\000o\000s\0002\000\137\000w\000s\000/\000s\000r\000c\000/\000m\000o\000v\000e\000i\000t\000\137\000m\000o\000t\000i\000o\000n\000\137\000p\000l\000a\000n\000s\000/\000s\000r\000c\000/\000p\000i\000l\000z\000\137\000s\000e\000q\000u\000e\000n\000c\000e\000.\000c\000p\000p\000\040\000F\000i\000l\000e\000\040\000R\000e\000f\000e\000r\000e\000n\000c\000e}{chapter.9}% 483
\BOOKMARK [2][-]{subsection.9.53.1}{\376\377\0009\000.\0005\0003\000.\0001\000\040\000T\000y\000p\000e\000d\000e\000f\000\040\000D\000o\000c\000u\000m\000e\000n\000t\000a\000t\000i\000o\000n}{section.9.53}% 484
\BOOKMARK [3][-]{subsubsection.9.53.1.1}{\376\377\0009\000.\0005\0003\000.\0001\000.\0001\000\040\000G\000e\000t\000M\000o\000t\000i\000o\000n\000S\000e\000q\000u\000e\000n\000c\000e}{subsection.9.53.1}% 485
\BOOKMARK [3][-]{subsubsection.9.53.1.2}{\376\377\0009\000.\0005\0003\000.\0001\000.\0002\000\040\000G\000o\000a\000l\000H\000a\000n\000d\000l\000e\000M\000o\000v\000e\000G\000r\000o\000u\000p\000S\000e\000q\000u\000e\000n\000c\000e}{subsection.9.53.1}% 486
\BOOKMARK [3][-]{subsubsection.9.53.1.3}{\376\377\0009\000.\0005\0003\000.\0001\000.\0003\000\040\000M\000o\000v\000e\000G\000r\000o\000u\000p\000S\000e\000q\000u\000e\000n\000c\000e}{subsection.9.53.1}% 487
\BOOKMARK [2][-]{subsection.9.53.2}{\376\377\0009\000.\0005\0003\000.\0002\000\040\000F\000u\000n\000c\000t\000i\000o\000n\000\040\000D\000o\000c\000u\000m\000e\000n\000t\000a\000t\000i\000o\000n}{section.9.53}% 488
\BOOKMARK [3][-]{subsubsection.9.53.2.1}{\376\377\0009\000.\0005\0003\000.\0002\000.\0001\000\040\000m\000a\000i\000n\000\050\000\051}{subsection.9.53.2}% 489
\BOOKMARK [2][-]{subsection.9.53.3}{\376\377\0009\000.\0005\0003\000.\0003\000\040\000V\000a\000r\000i\000a\000b\000l\000e\000\040\000D\000o\000c\000u\000m\000e\000n\000t\000a\000t\000i\000o\000n}{section.9.53}% 490
\BOOKMARK [3][-]{subsubsection.9.53.3.1}{\376\377\0009\000.\0005\0003\000.\0003\000.\0001\000\040\000L\000O\000G\000G\000E\000R}{subsection.9.53.3}% 491
\BOOKMARK [1][-]{section.9.54}{\376\377\0009\000.\0005\0004\000\040\000l\000i\000b\000/\000r\000o\000s\0002\000\137\000w\000s\000/\000s\000r\000c\000/\000s\000y\000s\000t\000e\000m\000\137\000t\000e\000s\000t\000\137\000p\000a\000c\000k\000a\000g\000e\000s\000/\000g\000r\000i\000p\000p\000e\000r\000\137\000m\000a\000n\000u\000a\000l\000\137\000c\000o\000n\000t\000r\000o\000l\000/\000s\000r\000c\000/\000m\000a\000n\000u\000a\000l\000\137\000c\000o\000n\000t\000r\000o\000l\000.\000c\000p\000p\000\040\000F\000i\000l\000e\000\040\000R\000e\000f\000e\000r\000e\000n\000c\000e}{chapter.9}% 492
\BOOKMARK [2][-]{subsection.9.54.1}{\376\377\0009\000.\0005\0004\000.\0001\000\040\000F\000u\000n\000c\000t\000i\000o\000n\000\040\000D\000o\000c\000u\000m\000e\000n\000t\000a\000t\000i\000o\000n}{section.9.54}% 493
\BOOKMARK [3][-]{subsubsection.9.54.1.1}{\376\377\0009\000.\0005\0004\000.\0001\000.\0001\000\040\000I\000N\000T\000\137\000h\000a\000n\000d\000l\000e\000r\000\050\000\051}{subsection.9.54.1}% 494
\BOOKMARK [3][-]{subsubsection.9.54.1.2}{\376\377\0009\000.\0005\0004\000.\0001\000.\0002\000\040\000m\000a\000i\000n\000\050\000\051}{subsection.9.54.1}% 495
\BOOKMARK [3][-]{subsubsection.9.54.1.3}{\376\377\0009\000.\0005\0004\000.\0001\000.\0003\000\040\000r\000e\000a\000d\000\137\000a\000n\000g\000l\000e\000\050\000\051}{subsection.9.54.1}% 496
\BOOKMARK [3][-]{subsubsection.9.54.1.4}{\376\377\0009\000.\0005\0004\000.\0001\000.\0004\000\040\000r\000e\000a\000d\000\137\000o\000f\000f\000s\000e\000t\000\050\000\051}{subsection.9.54.1}% 497
\BOOKMARK [3][-]{subsubsection.9.54.1.5}{\376\377\0009\000.\0005\0004\000.\0001\000.\0005\000\040\000r\000e\000a\000d\000\137\000r\000e\000d\000u\000c\000t\000i\000o\000n\000\050\000\051}{subsection.9.54.1}% 498
\BOOKMARK [3][-]{subsubsection.9.54.1.6}{\376\377\0009\000.\0005\0004\000.\0001\000.\0006\000\040\000r\000e\000a\000d\000\137\000w\000i\000d\000t\000h\000\050\000\051}{subsection.9.54.1}% 499
\BOOKMARK [2][-]{subsection.9.54.2}{\376\377\0009\000.\0005\0004\000.\0002\000\040\000V\000a\000r\000i\000a\000b\000l\000e\000\040\000D\000o\000c\000u\000m\000e\000n\000t\000a\000t\000i\000o\000n}{section.9.54}% 500
\BOOKMARK [3][-]{subsubsection.9.54.2.1}{\376\377\0009\000.\0005\0004\000.\0002\000.\0001\000\040\000\137\000G\000r\000i\000p\000p\000e\000r}{subsection.9.54.2}% 501
\BOOKMARK [1][-]{section.9.55}{\376\377\0009\000.\0005\0005\000\040\000l\000i\000b\000/\000r\000o\000s\0002\000\137\000w\000s\000/\000s\000r\000c\000/\000s\000y\000s\000t\000e\000m\000\137\000t\000e\000s\000t\000\137\000p\000a\000c\000k\000a\000g\000e\000s\000/\000g\000r\000i\000p\000p\000e\000r\000\137\000m\000a\000n\000u\000a\000l\000\137\000c\000o\000n\000t\000r\000o\000l\000/\000s\000r\000c\000/\000m\000a\000n\000u\000a\000l\000\137\000c\000o\000n\000t\000r\000o\000l\000.\000h\000\040\000F\000i\000l\000e\000\040\000R\000e\000f\000e\000r\000e\000n\000c\000e}{chapter.9}% 502
\BOOKMARK [2][-]{subsection.9.55.1}{\376\377\0009\000.\0005\0005\000.\0001\000\040\000F\000u\000n\000c\000t\000i\000o\000n\000\040\000D\000o\000c\000u\000m\000e\000n\000t\000a\000t\000i\000o\000n}{section.9.55}% 503
\BOOKMARK [3][-]{subsubsection.9.55.1.1}{\376\377\0009\000.\0005\0005\000.\0001\000.\0001\000\040\000r\000e\000a\000d\000\137\000a\000n\000g\000l\000e\000\050\000\051}{subsection.9.55.1}% 504
\BOOKMARK [3][-]{subsubsection.9.55.1.2}{\376\377\0009\000.\0005\0005\000.\0001\000.\0002\000\040\000r\000e\000a\000d\000\137\000o\000f\000f\000s\000e\000t\000\050\000\051}{subsection.9.55.1}% 505
\BOOKMARK [3][-]{subsubsection.9.55.1.3}{\376\377\0009\000.\0005\0005\000.\0001\000.\0003\000\040\000r\000e\000a\000d\000\137\000r\000e\000d\000u\000c\000t\000i\000o\000n\000\050\000\051}{subsection.9.55.1}% 506
\BOOKMARK [3][-]{subsubsection.9.55.1.4}{\376\377\0009\000.\0005\0005\000.\0001\000.\0004\000\040\000r\000e\000a\000d\000\137\000w\000i\000d\000t\000h\000\050\000\051}{subsection.9.55.1}% 507
\BOOKMARK [1][-]{section.9.56}{\376\377\0009\000.\0005\0006\000\040\000m\000a\000n\000u\000a\000l\000\137\000c\000o\000n\000t\000r\000o\000l\000.\000h}{chapter.9}% 508
\BOOKMARK [1][-]{section.9.57}{\376\377\0009\000.\0005\0007\000\040\000l\000i\000b\000/\000r\000o\000s\0002\000\137\000w\000s\000/\000s\000r\000c\000/\000s\000y\000s\000t\000e\000m\000\137\000t\000e\000s\000t\000\137\000p\000a\000c\000k\000a\000g\000e\000s\000/\000c\000o\000m\000m\000\137\000s\000p\000e\000e\000d\000\137\000t\000e\000s\000t\000/\000s\000r\000c\000/\000m\000a\000i\000n\000.\000c\000p\000p\000\040\000F\000i\000l\000e\000\040\000R\000e\000f\000e\000r\000e\000n\000c\000e}{chapter.9}% 509
\BOOKMARK [2][-]{subsection.9.57.1}{\376\377\0009\000.\0005\0007\000.\0001\000\040\000F\000u\000n\000c\000t\000i\000o\000n\000\040\000D\000o\000c\000u\000m\000e\000n\000t\000a\000t\000i\000o\000n}{section.9.57}% 510
\BOOKMARK [3][-]{subsubsection.9.57.1.1}{\376\377\0009\000.\0005\0007\000.\0001\000.\0001\000\040\000I\000N\000T\000\137\000h\000a\000n\000d\000l\000e\000r\000\050\000\051}{subsection.9.57.1}% 511
\BOOKMARK [3][-]{subsubsection.9.57.1.2}{\376\377\0009\000.\0005\0007\000.\0001\000.\0002\000\040\000m\000a\000i\000n\000\050\000\051}{subsection.9.57.1}% 512
\BOOKMARK [1][-]{section.9.58}{\376\377\0009\000.\0005\0008\000\040\000l\000i\000b\000/\000r\000o\000s\0002\000\137\000w\000s\000/\000s\000r\000c\000/\000s\000y\000s\000t\000e\000m\000\137\000t\000e\000s\000t\000\137\000p\000a\000c\000k\000a\000g\000e\000s\000/\000h\000i\000g\000h\000\137\000s\000p\000e\000e\000d\000\137\000s\000t\000a\000l\000l\000\137\000t\000e\000s\000t\000/\000s\000r\000c\000/\000m\000a\000i\000n\000.\000c\000p\000p\000\040\000F\000i\000l\000e\000\040\000R\000e\000f\000e\000r\000e\000n\000c\000e}{chapter.9}% 513
\BOOKMARK [2][-]{subsection.9.58.1}{\376\377\0009\000.\0005\0008\000.\0001\000\040\000M\000a\000c\000r\000o\000\040\000D\000e\000f\000i\000n\000i\000t\000i\000o\000n\000\040\000D\000o\000c\000u\000m\000e\000n\000t\000a\000t\000i\000o\000n}{section.9.58}% 514
\BOOKMARK [3][-]{subsubsection.9.58.1.1}{\376\377\0009\000.\0005\0008\000.\0001\000.\0001\000\040\000C\000U\000R\000R\000E\000N\000T}{subsection.9.58.1}% 515
\BOOKMARK [3][-]{subsubsection.9.58.1.2}{\376\377\0009\000.\0005\0008\000.\0001\000.\0002\000\040\000M\000A\000X\000A\000C\000C\000E\000L}{subsection.9.58.1}% 516
\BOOKMARK [3][-]{subsubsection.9.58.1.3}{\376\377\0009\000.\0005\0008\000.\0001\000.\0003\000\040\000M\000A\000X\000V\000E\000L}{subsection.9.58.1}% 517
\BOOKMARK [2][-]{subsection.9.58.2}{\376\377\0009\000.\0005\0008\000.\0002\000\040\000F\000u\000n\000c\000t\000i\000o\000n\000\040\000D\000o\000c\000u\000m\000e\000n\000t\000a\000t\000i\000o\000n}{section.9.58}% 518
\BOOKMARK [3][-]{subsubsection.9.58.2.1}{\376\377\0009\000.\0005\0008\000.\0002\000.\0001\000\040\000I\000N\000T\000\137\000h\000a\000n\000d\000l\000e\000r\000\050\000\051}{subsection.9.58.2}% 519
\BOOKMARK [3][-]{subsubsection.9.58.2.2}{\376\377\0009\000.\0005\0008\000.\0002\000.\0002\000\040\000m\000a\000i\000n\000\050\000\051}{subsection.9.58.2}% 520
\BOOKMARK [2][-]{subsection.9.58.3}{\376\377\0009\000.\0005\0008\000.\0003\000\040\000V\000a\000r\000i\000a\000b\000l\000e\000\040\000D\000o\000c\000u\000m\000e\000n\000t\000a\000t\000i\000o\000n}{section.9.58}% 521
\BOOKMARK [3][-]{subsubsection.9.58.3.1}{\376\377\0009\000.\0005\0008\000.\0003\000.\0001\000\040\000J}{subsection.9.58.3}% 522
\BOOKMARK [1][-]{section.9.59}{\376\377\0009\000.\0005\0009\000\040\000l\000i\000b\000/\000r\000o\000s\0002\000\137\000w\000s\000/\000s\000r\000c\000/\000s\000y\000s\000t\000e\000m\000\137\000t\000e\000s\000t\000\137\000p\000a\000c\000k\000a\000g\000e\000s\000/\000m\000a\000x\000\137\000a\000c\000c\000e\000l\000\137\000t\000e\000s\000t\000/\000s\000r\000c\000/\000m\000a\000i\000n\000.\000c\000p\000p\000\040\000F\000i\000l\000e\000\040\000R\000e\000f\000e\000r\000e\000n\000c\000e}{chapter.9}% 523
\BOOKMARK [2][-]{subsection.9.59.1}{\376\377\0009\000.\0005\0009\000.\0001\000\040\000M\000a\000c\000r\000o\000\040\000D\000e\000f\000i\000n\000i\000t\000i\000o\000n\000\040\000D\000o\000c\000u\000m\000e\000n\000t\000a\000t\000i\000o\000n}{section.9.59}% 524
\BOOKMARK [3][-]{subsubsection.9.59.1.1}{\376\377\0009\000.\0005\0009\000.\0001\000.\0001\000\040\000C\000U\000R\000R\000E\000N\000T}{subsection.9.59.1}% 525
\BOOKMARK [3][-]{subsubsection.9.59.1.2}{\376\377\0009\000.\0005\0009\000.\0001\000.\0002\000\040\000M\000A\000X\000A\000C\000C\000E\000L}{subsection.9.59.1}% 526
\BOOKMARK [3][-]{subsubsection.9.59.1.3}{\376\377\0009\000.\0005\0009\000.\0001\000.\0003\000\040\000M\000A\000X\000V\000E\000L}{subsection.9.59.1}% 527
\BOOKMARK [2][-]{subsection.9.59.2}{\376\377\0009\000.\0005\0009\000.\0002\000\040\000F\000u\000n\000c\000t\000i\000o\000n\000\040\000D\000o\000c\000u\000m\000e\000n\000t\000a\000t\000i\000o\000n}{section.9.59}% 528
\BOOKMARK [3][-]{subsubsection.9.59.2.1}{\376\377\0009\000.\0005\0009\000.\0002\000.\0001\000\040\000I\000N\000T\000\137\000h\000a\000n\000d\000l\000e\000r\000\050\000\051}{subsection.9.59.2}% 529
\BOOKMARK [3][-]{subsubsection.9.59.2.2}{\376\377\0009\000.\0005\0009\000.\0002\000.\0002\000\040\000m\000a\000i\000n\000\050\000\051}{subsection.9.59.2}% 530
\BOOKMARK [2][-]{subsection.9.59.3}{\376\377\0009\000.\0005\0009\000.\0003\000\040\000V\000a\000r\000i\000a\000b\000l\000e\000\040\000D\000o\000c\000u\000m\000e\000n\000t\000a\000t\000i\000o\000n}{section.9.59}% 531
\BOOKMARK [3][-]{subsubsection.9.59.3.1}{\376\377\0009\000.\0005\0009\000.\0003\000.\0001\000\040\000J}{subsection.9.59.3}% 532
\BOOKMARK [0][-]{section*.148}{\376\377\000I\000n\000d\000e\000x}{}% 533
